userId,foodId,rating
1,1,4.0
5,1,4.0
7,1,4.5
15,1,2.5
17,1,4.5
18,1,3.5
19,1,4.0
21,1,3.5
27,1,3.0
31,1,5.0
32,1,3.0
33,1,3.0
40,1,5.0
43,1,5.0
44,1,3.0
45,1,4.0
46,1,5.0
50,1,3.0
54,1,3.0
57,1,5.0
63,1,5.0
64,1,4.0
66,1,4.0
68,1,2.5
71,1,5.0
73,1,4.5
76,1,0.5
78,1,4.0
82,1,2.5
86,1,4.0
89,1,3.0
90,1,3.0
91,1,4.0
93,1,3.0
96,1,5.0
98,1,4.5
103,1,4.0
107,1,4.0
112,1,3.0
119,1,3.5
121,1,4.0
124,1,4.0
130,1,3.0
132,1,2.0
134,1,3.0
135,1,4.0
137,1,4.0
140,1,3.0
141,1,4.0
144,1,3.5
145,1,5.0
151,1,5.0
153,1,2.0
155,1,3.0
156,1,4.0
159,1,4.5
160,1,4.0
161,1,4.0
166,1,5.0
167,1,3.5
169,1,4.5
171,1,5.0
177,1,5.0
178,1,4.0
179,1,4.0
182,1,4.0
185,1,4.0
186,1,4.0
191,1,4.0
193,1,2.0
200,1,3.5
201,1,5.0
202,1,4.0
206,1,5.0
213,1,3.5
214,1,3.0
216,1,3.0
217,1,4.0
219,1,3.5
220,1,5.0
223,1,3.5
226,1,3.5
229,1,5.0
232,1,3.5
233,1,3.0
234,1,5.0
239,1,4.0
240,1,5.0
247,1,5.0
249,1,4.0
252,1,4.5
254,1,4.5
263,1,4.0
264,1,4.0
266,1,2.0
269,1,5.0
270,1,5.0
273,1,5.0
274,1,4.0
275,1,5.0
276,1,4.0
277,1,4.0
279,1,3.0
280,1,4.5
282,1,4.5
283,1,3.0
288,1,4.5
290,1,4.0
291,1,4.0
292,1,4.0
293,1,3.0
298,1,2.0
304,1,5.0
307,1,4.0
314,1,3.0
322,1,3.5
323,1,3.5
328,1,5.0
330,1,4.0
332,1,4.0
334,1,3.5
336,1,4.0
337,1,4.0
339,1,4.0
341,1,5.0
347,1,5.0
350,1,4.0
353,1,5.0
357,1,5.0
359,1,4.0
364,1,5.0
367,1,5.0
372,1,3.0
373,1,3.0
378,1,4.5
380,1,5.0
381,1,3.5
382,1,4.5
385,1,4.0
389,1,5.0
391,1,3.0
396,1,5.0
399,1,4.0
401,1,3.5
411,1,5.0
412,1,2.0
414,1,4.0
420,1,4.0
422,1,4.0
432,1,2.5
434,1,4.0
436,1,4.0
438,1,4.5
443,1,4.0
448,1,5.0
451,1,5.0
453,1,5.0
456,1,5.0
460,1,4.5
462,1,1.5
468,1,4.0
469,1,4.0
470,1,4.0
471,1,5.0
474,1,4.0
476,1,4.0
477,1,4.0
480,1,3.0
483,1,4.0
484,1,4.5
488,1,4.5
490,1,3.5
492,1,4.0
500,1,4.0
504,1,4.0
509,1,4.0
514,1,4.0
517,1,4.0
522,1,3.0
524,1,4.0
525,1,4.0
528,1,2.5
529,1,3.0
533,1,5.0
534,1,4.0
541,1,3.0
544,1,3.0
550,1,4.0
555,1,4.0
559,1,5.0
560,1,3.0
561,1,4.0
562,1,4.5
567,1,3.5
570,1,4.0
572,1,4.0
573,1,5.0
579,1,4.0
580,1,3.0
584,1,5.0
587,1,5.0
590,1,4.0
596,1,4.0
597,1,4.0
599,1,3.0
600,1,2.5
601,1,4.0
603,1,4.0
604,1,3.0
605,1,4.0
606,1,2.5
607,1,4.0
608,1,2.5
609,1,3.0
610,1,5.0
1,2,4.0
6,2,5.0
19,2,3.0
32,2,3.0
42,2,4.0
43,2,5.0
44,2,3.0
51,2,4.0
58,2,3.0
64,2,3.5
68,2,2.0
91,2,3.0
100,2,3.5
102,2,5.0
116,2,3.5
117,2,3.0
150,2,3.0
151,2,3.0
169,2,5.0
179,2,4.0
217,2,1.0
226,2,3.5
240,2,4.0
269,2,4.0
270,2,3.0
288,2,4.0
289,2,2.5
294,2,1.0
302,2,3.0
307,2,3.5
308,2,0.5
321,2,3.0
330,2,3.0
337,2,4.0
368,2,3.0
410,2,4.0
414,2,4.0
448,2,3.0
456,2,3.0
470,2,3.0
477,2,3.0
480,2,2.5
492,2,4.0
501,2,5.0
544,2,3.0
552,2,1.0
555,2,5.0
588,2,3.0
590,2,3.0
594,2,4.0
599,2,1.5
608,2,2.0
1,3,4.0
6,3,4.0
11,3,5.0
18,3,4.0
23,3,4.0
24,3,4.5
28,3,3.5
32,3,3.0
44,3,3.0
45,3,4.0
57,3,3.0
62,3,4.5
64,3,4.5
68,3,4.0
79,3,4.0
82,3,3.5
84,3,4.0
91,3,5.0
102,3,3.0
105,3,4.0
109,3,3.0
112,3,4.5
117,3,3.0
121,3,5.0
140,3,5.0
150,3,4.0
160,3,2.0
166,3,3.5
181,3,3.0
182,3,4.5
191,3,4.0
195,3,4.0
199,3,4.0
202,3,5.0
217,3,2.0
219,3,3.5
220,3,3.5
239,3,5.0
244,3,5.0
266,3,4.0
269,3,5.0
270,3,3.0
274,3,4.0
282,3,4.0
286,3,4.5
294,3,3.0
297,3,5.0
305,3,3.5
308,3,1.0
312,3,4.0
313,3,3.0
314,3,3.0
317,3,5.0
318,3,4.0
325,3,4.0
336,3,4.0
337,3,5.0
339,3,4.0
353,3,4.0
362,3,4.0
368,3,4.0
372,3,5.0
373,3,5.0
380,3,5.0
385,3,3.0
386,3,3.0
389,3,5.0
391,3,4.0
400,3,5.0
414,3,3.0
425,3,4.0
434,3,4.0
437,3,5.0
438,3,5.0
444,3,4.0
451,3,4.0
469,3,3.0
470,3,3.0
474,3,3.0
480,3,4.0
486,3,5.0
492,3,3.0
493,3,4.0
501,3,3.0
521,3,4.0
524,3,4.0
532,3,5.0
553,3,5.0
559,3,5.0
561,3,4.0
573,3,4.5
577,3,4.0
580,3,4.0
588,3,5.0
590,3,3.5
592,3,3.0
597,3,3.0
599,3,4.5
602,3,3.0
603,3,4.0
604,3,3.0
610,3,5.0
1,4,5.0
4,4,2.0
6,4,4.0
8,4,4.0
13,4,5.0
14,4,5.0
15,4,3.5
16,4,3.5
17,4,4.0
18,4,4.5
19,4,3.0
26,4,4.0
28,4,3.0
39,4,3.0
41,4,3.5
42,4,4.0
43,4,4.0
47,4,3.0
54,4,3.0
56,4,5.0
58,4,5.0
62,4,4.5
63,4,4.0
64,4,4.5
66,4,5.0
68,4,4.0
72,4,4.5
75,4,2.0
76,4,3.5
81,4,3.0
82,4,3.5
91,4,4.5
94,4,2.0
102,4,5.0
104,4,0.5
105,4,5.0
109,4,3.0
110,4,4.5
112,4,5.0
116,4,3.5
117,4,4.0
121,4,3.0
122,4,4.5
123,4,4.5
126,4,5.0
129,4,3.5
131,4,4.0
132,4,4.0
133,4,4.0
134,4,4.0
135,4,5.0
136,4,5.0
140,4,4.0
141,4,3.0
142,4,4.0
144,4,4.5
152,4,5.0
156,4,3.5
160,4,5.0
166,4,4.0
171,4,5.0
176,4,5.0
177,4,4.5
178,4,4.5
179,4,4.0
181,4,3.0
182,4,4.0
187,4,4.0
191,4,4.0
192,4,3.0
198,4,5.0
199,4,3.0
200,4,4.0
204,4,5.0
217,4,2.0
219,4,3.5
220,4,3.0
222,4,4.0
223,4,3.0
226,4,5.0
227,4,5.0
230,4,3.0
232,4,4.5
233,4,3.5
239,4,5.0
241,4,4.0
242,4,5.0
247,4,4.0
249,4,5.0
251,4,5.0
254,4,4.5
260,4,4.5
261,4,4.0
268,4,3.0
274,4,4.0
284,4,3.0
286,4,5.0
288,4,3.5
294,4,2.0
297,4,4.0
298,4,4.0
301,4,4.5
302,4,5.0
305,4,4.0
307,4,4.0
313,4,5.0
314,4,1.0
317,4,5.0
318,4,4.0
322,4,4.0
326,4,4.0
328,4,4.5
330,4,3.0
332,4,4.0
334,4,2.0
336,4,4.5
337,4,5.0
339,4,4.5
346,4,3.5
347,4,3.0
351,4,4.5
352,4,5.0
353,4,5.0
354,4,4.0
362,4,4.5
368,4,4.0
369,4,3.5
370,4,3.5
372,4,5.0
373,4,5.0
379,4,3.0
380,4,5.0
381,4,2.0
386,4,3.0
387,4,4.5
391,4,3.0
400,4,5.0
402,4,3.0
403,4,5.0
404,4,3.0
411,4,4.0
412,4,3.0
414,4,4.0
415,4,4.0
417,4,5.0
419,4,4.0
424,4,5.0
425,4,4.5
426,4,0.5
432,4,4.0
433,4,3.0
434,4,4.0
437,4,4.0
441,4,4.5
444,4,4.0
445,4,4.5
446,4,4.0
448,4,4.0
452,4,5.0
453,4,5.0
462,4,4.0
464,4,5.0
468,4,5.0
469,4,4.0
470,4,3.0
474,4,4.0
477,4,4.0
480,4,4.5
483,4,3.5
484,4,4.0
486,4,3.0
489,4,3.0
498,4,3.0
505,4,5.0
507,4,3.0
512,4,5.0
514,4,4.0
517,4,2.0
524,4,5.0
525,4,3.5
534,4,4.0
540,4,4.5
541,4,1.0
542,4,5.0
551,4,4.5
560,4,4.0
561,4,4.5
565,4,4.0
570,4,3.5
573,4,5.0
574,4,5.0
580,4,5.0
584,4,5.0
588,4,3.0
590,4,3.0
597,4,4.0
599,4,4.0
600,4,4.0
601,4,4.0
602,4,5.0
606,4,3.0
608,4,4.5
610,4,5.0
1,5,5.0
5,5,4.0
6,5,1.0
7,5,4.5
8,5,5.0
16,5,4.0
17,5,4.5
18,5,5.0
23,5,4.0
24,5,4.0
28,5,3.5
29,5,3.5
32,5,5.0
33,5,5.0
35,5,5.0
38,5,5.0
39,5,5.0
41,5,3.0
42,5,5.0
45,5,5.0
46,5,5.0
54,5,3.0
57,5,5.0
58,5,5.0
60,5,3.0
61,5,4.5
63,5,5.0
64,5,3.0
66,5,4.0
68,5,3.0
69,5,5.0
72,5,4.5
80,5,4.5
84,5,4.0
88,5,5.0
91,5,4.5
96,5,5.0
103,5,4.0
105,5,5.0
109,5,4.0
112,5,5.0
117,5,4.0
122,5,5.0
124,5,4.5
131,5,4.0
132,5,4.0
133,5,3.0
140,5,3.0
142,5,5.0
145,5,5.0
152,5,4.5
156,5,4.0
160,5,4.0
162,5,4.0
166,5,5.0
174,5,3.0
177,5,4.0
178,5,4.5
182,5,4.5
187,5,4.5
191,5,5.0
195,5,5.0
197,5,3.0
198,5,5.0
199,5,4.0
202,5,4.0
211,5,4.0
215,5,5.0
217,5,3.0
219,5,5.0
220,5,5.0
221,5,4.5
222,5,3.0
228,5,4.5
233,5,4.0
237,5,2.5
239,5,4.5
241,5,4.0
246,5,4.5
247,5,5.0
249,5,4.0
254,5,4.5
260,5,5.0
261,5,4.0
262,5,3.0
266,5,4.0
268,5,5.0
274,5,4.0
275,5,4.0
278,5,5.0
279,5,3.5
280,5,4.5
282,5,4.5
287,5,3.5
290,5,4.0
294,5,3.0
295,5,5.0
296,5,5.0
297,5,5.0
298,5,3.5
301,5,4.5
305,5,5.0
307,5,4.5
308,5,2.5
309,5,4.5
313,5,5.0
314,5,4.0
317,5,5.0
322,5,4.0
323,5,4.5
326,5,2.0
327,5,4.5
328,5,4.0
329,5,2.0
330,5,5.0
331,5,5.0
332,5,4.0
335,5,5.0
336,5,5.0
337,5,3.0
338,5,4.5
343,5,4.5
346,5,4.0
348,5,5.0
352,5,5.0
354,5,4.5
356,5,3.5
357,5,5.0
362,5,3.5
363,5,4.0
368,5,4.0
370,5,4.5
372,5,5.0
373,5,5.0
380,5,4.0
381,5,4.5
382,5,5.0
385,5,3.0
386,5,3.0
387,5,4.5
391,5,4.0
394,5,5.0
396,5,4.0
400,5,5.0
411,5,3.0
414,5,5.0
415,5,4.5
418,5,4.5
419,5,4.0
424,5,5.0
425,5,4.5
432,5,3.0
433,5,5.0
435,5,4.0
437,5,4.0
444,5,5.0
446,5,4.0
448,5,4.0
449,5,4.5
453,5,5.0
455,5,3.0
462,5,3.5
469,5,4.0
470,5,3.0
472,5,5.0
474,5,4.0
480,5,3.5
482,5,4.0
483,5,4.5
495,5,4.0
497,5,3.0
501,5,3.0
510,5,4.0
512,5,5.0
515,5,4.5
522,5,4.5
524,5,2.0
525,5,4.5
541,5,5.0
553,5,4.0
555,5,5.0
560,5,4.0
561,5,4.5
562,5,4.0
565,5,5.0
566,5,5.0
567,5,1.0
568,5,5.0
569,5,3.0
573,5,5.0
580,5,5.0
587,5,5.0
588,5,5.0
590,5,4.5
593,5,4.5
595,5,5.0
596,5,3.5
597,5,5.0
599,5,3.5
601,5,5.0
602,5,5.0
606,5,4.5
608,5,4.5
610,5,4.0
1,6,3.0
18,6,3.5
19,6,2.0
34,6,3.5
45,6,4.0
51,6,5.0
57,6,1.0
64,6,4.0
68,6,4.0
103,6,3.5
122,6,4.5
132,6,2.5
182,6,4.5
187,6,4.0
195,6,4.0
249,6,4.0
274,6,4.5
283,6,3.0
286,6,3.0
294,6,4.0
295,6,5.0
297,6,2.0
305,6,5.0
307,6,3.5
313,6,4.0
336,6,4.0
353,6,4.0
354,6,4.5
361,6,2.0
362,6,4.0
368,6,3.0
372,6,3.0
380,6,5.0
387,6,3.5
391,6,1.0
405,6,4.0
425,6,4.0
428,6,3.0
438,6,3.0
450,6,2.0
452,6,4.0
453,6,4.0
469,6,2.0
489,6,2.0
546,6,5.0
560,6,4.0
571,6,2.0
580,6,5.0
594,6,3.5
597,6,2.0
599,6,3.5
603,6,4.0
606,6,4.0
608,6,3.0
610,6,4.0
1,7,5.0
103,7,4.0
221,7,4.5
249,7,3.0
260,7,2.0
274,7,3.5
275,7,5.0
287,7,4.0
307,7,4.5
313,7,5.0
356,7,3.5
414,7,4.0
448,7,3.5
454,7,3.0
474,7,3.5
480,7,5.0
500,7,1.0
510,7,4.0
567,7,3.0
597,7,5.0
599,7,2.5
600,7,4.5
603,7,4.0
1,8,4.0
5,8,4.0
6,8,5.0
8,8,3.0
11,8,5.0
14,8,5.0
17,8,4.5
18,8,4.5
28,8,3.5
30,8,5.0
33,8,5.0
34,8,0.5
38,8,5.0
40,8,4.0
42,8,4.0
43,8,3.0
45,8,5.0
46,8,5.0
49,8,4.0
54,8,3.0
56,8,4.0
57,8,4.0
58,8,5.0
59,8,2.0
62,8,4.5
63,8,2.5
64,8,4.0
66,8,5.0
68,8,2.5
72,8,4.5
81,8,3.0
82,8,4.5
83,8,4.0
91,8,4.0
93,8,5.0
94,8,5.0
96,8,5.0
103,8,4.5
104,8,1.0
105,8,3.5
107,8,5.0
109,8,5.0
110,8,3.5
112,8,3.5
115,8,3.0
117,8,5.0
121,8,4.0
124,8,3.5
125,8,4.5
126,8,4.0
128,8,5.0
129,8,4.0
130,8,5.0
131,8,2.5
133,8,3.0
134,8,5.0
135,8,4.0
136,8,5.0
137,8,4.0
140,8,4.0
141,8,3.5
144,8,4.5
159,8,3.0
160,8,4.0
164,8,5.0
165,8,4.0
167,8,3.5
170,8,4.0
173,8,3.0
176,8,5.0
178,8,4.0
179,8,5.0
181,8,3.0
182,8,3.5
183,8,5.0
187,8,3.0
191,8,3.0
192,8,3.0
196,8,3.5
198,8,3.0
200,8,4.5
202,8,4.0
203,8,5.0
208,8,4.0
217,8,2.0
222,8,4.0
223,8,3.5
227,8,3.5
229,8,5.0
232,8,4.5
233,8,3.0
235,8,4.0
239,8,4.5
240,8,5.0
244,8,5.0
247,8,4.0
249,8,5.0
254,8,4.0
263,8,4.0
264,8,2.5
265,8,3.0
266,8,5.0
267,8,4.0
274,8,4.5
279,8,4.0
283,8,5.0
284,8,5.0
286,8,5.0
287,8,1.5
288,8,5.0
292,8,2.5
296,8,5.0
298,8,3.0
301,8,1.5
302,8,4.0
304,8,5.0
307,8,3.5
308,8,1.0
312,8,4.0
314,8,4.0
317,8,5.0
319,8,4.5
322,8,3.5
323,8,2.0
326,8,5.0
328,8,1.0
330,8,3.5
332,8,3.5
335,8,4.0
336,8,4.0
337,8,5.0
340,8,5.0
344,8,4.5
347,8,3.0
353,8,3.0
357,8,4.0
362,8,4.0
366,8,4.0
368,8,4.0
372,8,4.0
373,8,4.0
374,8,5.0
376,8,3.5
379,8,5.0
380,8,4.0
386,8,3.0
387,8,3.5
390,8,4.0
391,8,5.0
393,8,4.0
394,8,5.0
395,8,4.0
399,8,3.0
403,8,5.0
404,8,4.0
405,8,4.0
411,8,4.0
414,8,5.0
419,8,4.0
423,8,4.0
425,8,4.0
427,8,4.0
428,8,2.5
432,8,4.0
433,8,3.0
434,8,4.5
437,8,4.0
438,8,4.5
439,8,3.5
443,8,4.5
444,8,4.0
445,8,5.0
447,8,5.0
450,8,5.0
452,8,5.0
453,8,5.0
455,8,4.0
457,8,5.0
458,8,5.0
463,8,4.5
464,8,5.0
468,8,4.0
469,8,5.0
470,8,5.0
474,8,3.0
479,8,2.0
480,8,5.0
483,8,4.0
485,8,3.0
486,8,5.0
489,8,4.5
493,8,5.0
494,8,5.0
498,8,5.0
507,8,3.0
512,8,5.0
513,8,4.0
517,8,1.5
522,8,4.0
524,8,3.0
528,8,5.0
532,8,5.0
536,8,5.0
541,8,5.0
549,8,3.0
551,8,3.5
555,8,5.0
559,8,4.0
560,8,4.0
561,8,5.0
562,8,4.0
566,8,5.0
570,8,3.5
573,8,5.0
574,8,5.0
577,8,4.0
579,8,5.0
580,8,4.5
584,8,5.0
586,8,5.0
588,8,5.0
590,8,4.0
592,8,5.0
593,8,3.0
594,8,5.0
597,8,5.0
599,8,3.5
600,8,2.0
602,8,5.0
603,8,1.0
604,8,3.0
605,8,3.0
606,8,3.5
607,8,5.0
608,8,4.0
609,8,3.0
610,8,4.5
1,9,5.0
6,9,4.0
33,9,4.0
38,9,5.0
40,9,4.0
57,9,3.0
64,9,3.0
75,9,2.0
91,9,3.0
108,9,2.0
109,9,4.0
117,9,3.0
136,9,5.0
140,9,4.0
147,9,1.5
181,9,3.0
191,9,4.0
244,9,5.0
249,9,4.0
263,9,4.0
264,9,2.5
288,9,4.0
293,9,3.0
304,9,4.0
312,9,3.0
314,9,3.0
323,9,3.5
368,9,3.0
404,9,3.0
411,9,4.0
414,9,5.0
427,9,3.0
429,9,4.0
437,9,3.0
446,9,4.0
455,9,3.0
482,9,1.0
489,9,3.5
512,9,5.0
524,9,5.0
566,9,4.0
600,9,3.0
602,9,4.0
604,9,3.0
1,10,5.0
135,10,2.0
181,10,2.0
217,10,2.0
294,10,3.0
307,10,2.0
372,10,3.0
391,10,3.0
414,10,4.0
599,10,1.5
606,10,4.0
1,11,5.0
6,11,3.0
18,11,4.0
34,11,3.0
38,11,1.0
40,11,5.0
42,11,3.0
64,11,3.5
68,11,4.5
82,11,4.0
91,11,5.0
99,11,5.0
102,11,3.0
109,11,3.0
121,11,4.0
132,11,2.0
134,11,3.0
136,11,1.0
140,11,3.0
144,11,4.0
147,11,4.5
171,11,5.0
181,11,2.0
182,11,3.5
194,11,3.0
238,11,4.0
239,11,4.5
244,11,3.0
246,11,4.5
256,11,4.0
263,11,4.0
274,11,3.5
298,11,2.5
305,11,5.0
313,11,3.0
314,11,3.0
335,11,4.0
336,11,5.0
353,11,3.0
368,11,3.0
372,11,3.0
373,11,1.0
380,11,5.0
386,11,4.0
387,11,4.0
414,11,4.0
428,11,3.0
431,11,3.0
434,11,3.0
435,11,3.5
448,11,3.5
452,11,4.0
453,11,4.0
480,11,3.0
486,11,4.0
493,11,4.0
541,11,2.0
560,11,3.5
573,11,5.0
588,11,3.0
590,11,3.0
592,11,5.0
599,11,3.5
602,11,3.0
603,11,5.0
608,11,3.0
1,12,5.0
6,12,4.0
19,12,2.0
22,12,4.0
40,12,1.0
45,12,5.0
58,12,3.0
68,12,3.5
103,12,4.0
109,12,2.0
136,12,5.0
151,12,4.0
169,12,3.5
177,12,2.0
217,12,1.0
226,12,5.0
240,12,5.0
274,12,3.5
280,12,3.5
284,12,4.0
298,12,3.0
307,12,4.0
310,12,2.0
353,12,3.0
356,12,3.0
365,12,3.5
369,12,3.5
373,12,3.0
380,12,3.0
411,12,3.0
414,12,3.0
428,12,3.0
435,12,5.0
438,12,3.0
448,12,3.0
474,12,1.0
477,12,4.0
484,12,4.5
495,12,4.0
498,12,5.0
500,12,4.0
510,12,3.0
555,12,3.0
561,12,2.5
583,12,4.0
590,12,2.0
599,12,2.5
600,12,3.0
608,12,2.5
1,13,3.0
9,13,4.0
18,13,4.0
19,13,3.0
33,13,4.0
38,13,5.0
40,13,5.0
42,13,5.0
45,13,5.0
58,13,3.0
64,13,3.0
66,13,3.5
68,13,1.0
84,13,5.0
88,13,4.5
91,13,3.0
100,13,3.5
101,13,4.0
102,13,5.0
109,13,3.0
112,13,1.5
125,13,5.0
133,13,3.0
135,13,5.0
144,13,4.0
156,13,4.0
167,13,5.0
177,13,2.5
182,13,4.5
185,13,4.0
187,13,4.5
191,13,5.0
199,13,3.0
215,13,3.5
217,13,4.0
219,13,4.0
220,13,5.0
225,13,5.0
226,13,5.0
235,13,4.0
247,13,3.0
255,13,2.0
263,13,1.0
266,13,4.0
273,13,5.0
274,13,4.0
284,13,5.0
287,13,2.5
298,13,4.0
305,13,4.0
307,13,4.0
308,13,1.0
313,13,5.0
317,13,4.0
318,13,4.5
325,13,3.0
330,13,4.5
342,13,5.0
353,13,5.0
356,13,3.5
357,13,3.5
370,13,4.5
372,13,4.0
380,13,4.0
384,13,4.0
386,13,3.0
387,13,4.0
391,13,4.0
409,13,4.0
411,13,4.0
414,13,5.0
415,13,4.0
424,13,3.5
428,13,4.0
437,13,5.0
438,13,3.5
446,13,4.0
448,13,4.0
457,13,5.0
462,13,4.0
469,13,3.0
474,13,3.5
477,13,4.0
480,13,1.5
483,13,3.5
495,13,4.0
522,13,5.0
525,13,3.5
534,13,4.0
558,13,4.0
560,13,4.0
562,13,4.0
580,13,3.5
585,13,4.5
588,13,5.0
591,13,4.0
594,13,4.0
597,13,3.0
599,13,3.5
600,13,2.5
603,13,3.0
604,13,4.0
606,13,4.5
608,13,2.5
1,14,5.0
6,14,3.0
8,14,4.0
14,14,3.0
18,14,2.5
19,14,2.0
25,14,4.0
35,14,3.0
37,14,5.0
40,14,1.0
42,14,4.0
43,14,3.0
45,14,5.0
46,14,3.0
56,14,5.0
58,14,5.0
63,14,3.0
64,14,4.5
68,14,3.5
81,14,1.0
82,14,4.0
91,14,3.0
94,14,3.0
99,14,5.0
102,14,3.0
107,14,3.0
109,14,3.0
116,14,2.5
117,14,2.0
122,14,4.5
126,14,1.0
130,14,4.0
134,14,3.0
135,14,2.0
136,14,2.0
141,14,3.0
142,14,3.0
144,14,3.0
145,14,3.0
169,14,4.5
174,14,3.0
176,14,4.0
179,14,3.0
182,14,0.5
187,14,1.0
219,14,1.5
220,14,3.5
222,14,3.5
225,14,5.0
226,14,5.0
230,14,2.0
232,14,3.0
234,14,2.0
239,14,3.5
240,14,4.0
242,14,3.0
274,14,4.5
276,14,4.0
280,14,3.0
282,14,1.0
284,14,4.0
288,14,3.0
292,14,2.0
298,14,2.5
301,14,4.0
305,14,1.0
307,14,2.5
321,14,3.0
327,14,5.0
330,14,4.0
334,14,3.5
347,14,4.0
349,14,2.0
353,14,4.0
361,14,3.5
373,14,1.0
374,14,4.0
380,14,4.0
381,14,2.5
387,14,2.5
395,14,3.0
411,14,2.0
414,14,3.0
419,14,3.0
425,14,3.5
428,14,2.0
434,14,4.0
436,14,1.0
444,14,1.0
446,14,1.0
448,14,3.0
453,14,5.0
462,14,2.5
464,14,2.5
468,14,2.0
470,14,3.0
477,14,3.5
480,14,3.0
483,14,3.0
485,14,1.0
486,14,3.0
489,14,2.5
490,14,1.5
495,14,4.0
498,14,5.0
500,14,1.0
509,14,2.5
510,14,3.5
534,14,3.0
543,14,5.0
553,14,3.5
555,14,4.0
557,14,3.5
565,14,3.0
566,14,2.0
569,14,3.0
570,14,2.5
573,14,5.0
574,14,5.0
580,14,2.5
584,14,2.0
588,14,2.0
589,14,4.0
590,14,2.0
592,14,3.0
593,14,2.5
599,14,3.5
600,14,3.5
602,14,2.0
606,14,2.5
608,14,3.0
609,14,3.0
610,14,4.0
1,15,4.0
4,15,2.0
8,15,3.0
18,15,4.5
19,15,4.0
35,15,4.0
38,15,4.0
40,15,4.0
57,15,5.0
61,15,4.0
84,15,3.0
91,15,4.5
100,15,1.0
109,15,3.0
117,15,3.0
132,15,3.0
136,15,4.0
156,15,4.0
171,15,4.0
177,15,3.0
182,15,4.5
187,15,4.5
191,15,5.0
195,15,5.0
197,15,3.0
202,15,4.0
235,15,4.0
246,15,4.0
260,15,4.0
266,15,4.0
273,15,5.0
275,15,5.0
284,15,3.0
288,15,5.0
289,15,4.0
290,15,4.0
305,15,4.5
307,15,3.0
318,15,3.5
325,15,5.0
330,15,1.5
372,15,2.0
373,15,4.0
385,15,2.0
387,15,3.5
390,15,4.0
409,15,5.0
410,15,3.0
411,15,3.0
414,15,4.0
436,15,3.0
444,15,5.0
446,15,3.0
462,15,2.5
474,15,4.0
480,15,3.0
483,15,2.0
513,15,4.5
520,15,3.5
524,15,4.0
552,15,4.0
566,15,2.0
587,15,4.0
589,15,4.0
597,15,4.0
599,15,3.5
602,15,4.0
603,15,4.0
604,15,3.0
606,15,3.5
1,16,5.0
4,16,5.0
7,16,5.0
15,16,5.0
16,16,3.0
17,16,5.0
18,16,4.0
19,16,4.0
21,16,4.5
25,16,5.0
27,16,4.0
28,16,4.0
30,16,5.0
32,16,5.0
39,16,5.0
42,16,5.0
44,16,5.0
45,16,5.0
51,16,5.0
52,16,4.0
57,16,5.0
59,16,4.0
62,16,4.5
63,16,5.0
64,16,3.5
66,16,2.5
68,16,5.0
69,16,5.0
71,16,3.0
72,16,5.0
73,16,2.0
75,16,5.0
76,16,4.0
77,16,5.0
78,16,3.5
79,16,5.0
82,16,3.5
84,16,4.0
86,16,4.5
90,16,5.0
91,16,4.5
93,16,5.0
95,16,5.0
96,16,5.0
103,16,4.0
104,16,3.0
105,16,4.0
112,16,5.0
113,16,4.0
114,16,3.5
115,16,5.0
120,16,5.0
122,16,5.0
123,16,4.5
124,16,4.0
128,16,5.0
129,16,4.0
131,16,2.5
132,16,2.0
135,16,4.0
137,16,4.0
139,16,4.0
140,16,4.0
141,16,4.0
149,16,4.0
152,16,3.0
155,16,4.0
156,16,1.0
160,16,5.0
166,16,4.5
167,16,4.0
171,16,4.0
177,16,2.5
180,16,4.5
182,16,3.5
186,16,4.0
187,16,4.0
193,16,5.0
195,16,4.0
198,16,5.0
199,16,4.0
200,16,5.0
201,16,5.0
202,16,4.0
205,16,4.5
210,16,5.0
211,16,4.5
212,16,2.5
215,16,4.5
217,16,5.0
219,16,5.0
220,16,5.0
223,16,3.5
224,16,2.0
226,16,4.5
227,16,3.5
228,16,4.5
231,16,4.0
232,16,4.5
234,16,5.0
239,16,5.0
246,16,5.0
247,16,4.0
248,16,3.5
249,16,5.0
254,16,4.0
256,16,4.0
262,16,4.0
265,16,5.0
266,16,4.0
267,16,5.0
268,16,4.0
274,16,3.0
275,16,4.0
276,16,5.0
277,16,4.0
279,16,5.0
282,16,4.0
288,16,5.0
290,16,5.0
292,16,4.0
294,16,5.0
298,16,4.0
302,16,5.0
303,16,3.5
304,16,5.0
305,16,5.0
307,16,3.5
308,16,2.5
312,16,5.0
313,16,3.0
314,16,5.0
317,16,4.0
318,16,3.0
323,16,4.5
328,16,5.0
330,16,4.0
334,16,4.0
337,16,5.0
343,16,3.0
344,16,5.0
348,16,4.5
350,16,4.0
352,16,4.0
354,16,4.0
357,16,4.0
361,16,2.0
362,16,4.5
363,16,2.0
364,16,4.0
365,16,3.0
367,16,5.0
368,16,4.0
369,16,3.5
370,16,2.0
372,16,4.0
376,16,4.0
380,16,5.0
381,16,3.5
382,16,5.0
385,16,4.0
387,16,4.5
389,16,5.0
391,16,5.0
399,16,5.0
400,16,5.0
407,16,4.0
408,16,4.0
409,16,4.0
410,16,3.0
414,16,5.0
415,16,4.0
416,16,3.0
422,16,5.0
425,16,3.0
428,16,3.5
432,16,3.5
434,16,5.0
437,16,5.0
438,16,5.0
441,16,5.0
443,16,4.0
445,16,5.0
448,16,5.0
450,16,5.0
452,16,5.0
453,16,4.0
456,16,5.0
457,16,5.0
459,16,4.0
461,16,0.5
462,16,4.0
464,16,5.0
466,16,1.5
469,16,4.0
474,16,4.0
475,16,5.0
477,16,4.5
479,16,4.0
480,16,4.5
483,16,4.5
487,16,4.0
492,16,4.0
493,16,5.0
494,16,5.0
497,16,2.0
500,16,4.0
509,16,4.0
513,16,5.0
514,16,5.0
515,16,5.0
516,16,5.0
517,16,3.5
522,16,5.0
524,16,5.0
525,16,4.0
527,16,5.0
529,16,5.0
531,16,5.0
534,16,4.5
540,16,5.0
548,16,3.5
549,16,2.0
551,16,3.5
555,16,5.0
557,16,3.0
559,16,5.0
560,16,4.0
561,16,4.5
567,16,2.0
570,16,3.5
572,16,5.0
573,16,5.0
577,16,5.0
580,16,4.0
582,16,4.0
586,16,4.5
590,16,5.0
591,16,5.0
593,16,5.0
596,16,4.0
597,16,5.0
599,16,5.0
600,16,4.0
602,16,5.0
603,16,4.0
605,16,5.0
606,16,4.5
607,16,3.0
608,16,3.5
610,16,5.0
1,17,3.0
4,17,1.0
5,17,5.0
6,17,2.0
8,17,4.0
10,17,1.0
14,17,3.0
15,17,4.0
16,17,3.0
17,17,5.0
18,17,4.0
21,17,3.5
23,17,3.5
24,17,4.0
26,17,4.0
28,17,4.5
29,17,3.5
32,17,5.0
33,17,5.0
37,17,5.0
38,17,3.0
39,17,5.0
40,17,5.0
41,17,5.0
42,17,5.0
43,17,3.0
45,17,5.0
50,17,4.0
54,17,3.0
56,17,4.0
57,17,3.0
58,17,5.0
62,17,4.5
63,17,5.0
64,17,4.5
66,17,5.0
67,17,4.5
68,17,2.0
69,17,5.0
72,17,4.5
74,17,5.0
76,17,4.5
78,17,4.0
81,17,3.0
84,17,4.0
91,17,4.5
94,17,4.0
96,17,5.0
99,17,5.0
100,17,3.5
102,17,5.0
103,17,5.0
105,17,5.0
107,17,3.0
109,17,5.0
110,17,4.5
115,17,5.0
117,17,4.0
118,17,4.0
119,17,4.0
121,17,4.0
122,17,5.0
123,17,4.0
124,17,4.5
125,17,4.5
126,17,1.0
130,17,4.0
131,17,4.0
132,17,4.0
133,17,3.0
134,17,4.0
135,17,4.0
136,17,1.0
137,17,3.0
140,17,4.0
141,17,4.0
142,17,5.0
144,17,4.0
145,17,4.0
152,17,4.5
153,17,3.0
156,17,5.0
159,17,0.5
160,17,5.0
162,17,3.0
166,17,4.5
167,17,3.0
168,17,4.5
170,17,2.0
171,17,5.0
173,17,1.0
174,17,3.0
176,17,3.0
177,17,5.0
178,17,4.5
179,17,4.0
181,17,2.0
182,17,5.0
187,17,4.5
191,17,5.0
192,17,3.0
193,17,4.0
195,17,5.0
197,17,5.0
198,17,5.0
199,17,4.0
200,17,5.0
201,17,5.0
202,17,4.0
203,17,5.0
204,17,4.5
210,17,0.5
211,17,4.5
212,17,3.5
215,17,3.5
217,17,2.0
219,17,4.0
220,17,5.0
221,17,5.0
222,17,4.0
223,17,3.0
226,17,4.5
227,17,4.5
229,17,5.0
231,17,4.0
232,17,5.0
233,17,4.0
235,17,4.0
239,17,5.0
240,17,2.0
241,17,4.5
242,17,5.0
246,17,4.0
247,17,4.0
249,17,4.0
251,17,5.0
254,17,5.0
260,17,4.5
261,17,5.0
262,17,3.0
263,17,3.0
266,17,5.0
273,17,4.0
274,17,5.0
275,17,5.0
279,17,5.0
282,17,4.0
284,17,4.0
285,17,4.0
286,17,5.0
288,17,5.0
290,17,5.0
292,17,3.0
294,17,4.0
295,17,5.0
296,17,4.5
298,17,4.5
301,17,4.5
302,17,5.0
304,17,5.0
305,17,5.0
307,17,4.5
309,17,3.5
313,17,5.0
314,17,1.0
317,17,5.0
318,17,4.5
322,17,5.0
323,17,4.0
325,17,5.0
326,17,4.0
328,17,5.0
330,17,4.0
331,17,5.0
332,17,4.0
334,17,4.0
335,17,5.0
336,17,5.0
338,17,4.5
339,17,2.5
340,17,4.0
343,17,4.5
346,17,3.5
348,17,5.0
349,17,4.0
351,17,4.5
352,17,5.0
353,17,5.0
354,17,4.5
357,17,4.5
359,17,4.0
362,17,5.0
363,17,5.0
368,17,5.0
370,17,5.0
372,17,4.0
373,17,5.0
374,17,5.0
379,17,2.0
380,17,5.0
382,17,5.0
384,17,5.0
385,17,4.0
386,17,5.0
387,17,5.0
391,17,5.0
395,17,3.0
399,17,5.0
400,17,5.0
402,17,5.0
403,17,5.0
404,17,3.0
405,17,4.5
409,17,5.0
410,17,2.0
411,17,5.0
413,17,5.0
414,17,5.0
415,17,5.0
416,17,4.0
417,17,5.0
418,17,4.5
419,17,5.0
420,17,4.0
423,17,4.5
424,17,4.5
425,17,4.0
426,17,3.5
427,17,4.5
428,17,4.5
432,17,2.5
433,17,5.0
434,17,5.0
437,17,5.0
441,17,5.0
443,17,4.0
444,17,5.0
445,17,4.0
446,17,4.0
447,17,5.0
448,17,5.0
453,17,5.0
454,17,4.0
458,17,4.0
462,17,2.5
463,17,4.0
464,17,4.5
468,17,3.0
469,17,5.0
470,17,3.0
471,17,4.0
474,17,4.0
476,17,3.0
477,17,4.5
480,17,4.0
483,17,5.0
486,17,5.0
489,17,4.0
490,17,4.0
498,17,4.0
503,17,5.0
504,17,4.0
509,17,3.5
512,17,5.0
513,17,4.5
514,17,4.0
522,17,5.0
526,17,4.0
528,17,4.0
540,17,5.0
542,17,3.5
551,17,3.5
552,17,4.0
553,17,5.0
555,17,4.0
558,17,3.0
559,17,3.0
560,17,4.0
561,17,4.5
562,17,5.0
565,17,5.0
566,17,4.0
568,17,4.5
569,17,5.0
573,17,5.0
574,17,3.0
575,17,5.0
580,17,5.0
583,17,4.0
584,17,3.0
585,17,5.0
587,17,5.0
588,17,5.0
589,17,5.0
590,17,4.5
592,17,4.0
599,17,5.0
600,17,4.5
602,17,5.0
603,17,5.0
604,17,5.0
605,17,2.0
606,17,5.0
607,17,3.0
608,17,5.0
609,17,4.0
610,17,5.0
1,18,3.0
5,18,2.0
6,18,5.0
19,18,2.0
24,18,3.5
27,18,4.0
28,18,4.0
29,18,4.0
35,18,3.0
37,18,5.0
40,18,3.0
42,18,2.0
43,18,4.0
45,18,4.0
46,18,4.0
51,18,4.5
56,18,3.0
57,18,3.0
64,18,3.0
68,18,3.5
81,18,4.0
91,18,4.0
93,18,5.0
94,18,4.0
99,18,2.0
107,18,3.0
117,18,3.0
121,18,3.0
126,18,1.0
129,18,4.5
130,18,3.0
134,18,4.0
136,18,2.0
145,18,2.0
149,18,4.0
160,18,2.0
173,18,3.0
174,18,5.0
176,18,4.0
179,18,3.0
181,18,3.0
182,18,2.5
186,18,4.0
191,18,1.0
192,18,4.0
198,18,5.0
217,18,3.0
219,18,2.5
220,18,2.0
226,18,2.5
239,18,4.0
240,18,4.0
242,18,3.0
244,18,3.0
248,18,3.5
264,18,3.5
265,18,5.0
266,18,3.0
274,18,3.5
284,18,4.0
294,18,3.0
305,18,3.0
312,18,3.0
313,18,4.0
314,18,2.0
321,18,4.0
323,18,2.5
330,18,4.5
332,18,3.0
334,18,3.0
340,18,4.0
344,18,3.5
347,18,3.0
353,18,3.0
355,18,4.0
356,18,4.0
368,18,2.0
372,18,5.0
374,18,3.0
379,18,3.0
380,18,5.0
381,18,3.5
386,18,3.0
387,18,3.5
394,18,2.0
395,18,3.0
404,18,3.0
408,18,3.5
411,18,4.0
414,18,3.0
425,18,3.5
429,18,3.0
434,18,3.5
436,18,2.0
438,18,3.5
446,18,4.0
447,18,3.0
448,18,3.0
452,18,5.0
453,18,3.0
455,18,3.0
458,18,4.0
469,18,3.0
470,18,3.0
474,18,3.5
477,18,3.0
480,18,4.0
482,18,5.0
485,18,3.0
486,18,3.0
489,18,3.0
494,18,3.0
498,18,2.0
507,18,3.0
512,18,3.0
520,18,4.0
524,18,3.0
534,18,3.5
541,18,5.0
555,18,4.0
559,18,3.0
560,18,4.0
561,18,4.5
566,18,4.0
569,18,4.0
570,18,3.5
573,18,4.0
574,18,4.0
577,18,2.0
580,18,4.0
584,18,3.0
586,18,4.0
588,18,2.0
592,18,4.0
594,18,4.0
599,18,3.0
602,18,3.0
604,18,4.0
607,18,3.0
608,18,3.0
1,19,5.0
2,19,4.0
6,19,5.0
19,19,2.0
42,19,5.0
45,19,4.0
51,19,2.0
56,19,3.0
58,19,5.0
64,19,4.5
68,19,4.0
69,19,5.0
99,19,5.0
117,19,3.0
136,19,5.0
155,19,4.0
169,19,4.5
174,19,4.0
182,19,3.5
203,19,1.0
225,19,5.0
226,19,4.0
240,19,5.0
274,19,3.5
276,19,5.0
284,19,4.0
294,19,1.0
298,19,3.0
307,19,3.0
335,19,4.5
353,19,5.0
365,19,3.0
381,19,4.5
386,19,3.0
414,19,3.0
435,19,3.5
436,19,3.0
477,19,3.0
484,19,4.0
495,19,3.5
498,19,5.0
520,19,4.0
555,19,5.0
559,19,2.0
573,19,5.0
588,19,4.0
590,19,2.5
592,19,3.0
599,19,2.5
608,19,4.0
1,20,4.0
5,20,3.0
6,20,5.0
11,20,5.0
26,20,3.0
28,20,3.0
37,20,4.0
42,20,4.0
43,20,3.0
46,20,3.0
56,20,4.0
57,20,4.0
58,20,3.0
84,20,4.0
91,20,3.0
93,20,4.0
99,20,5.0
102,20,4.0
107,20,4.0
109,20,3.0
117,20,3.0
121,20,3.0
126,20,4.0
130,20,2.0
133,20,2.0
134,20,4.0
135,20,2.0
136,20,5.0
140,20,4.0
142,20,3.0
166,20,3.5
174,20,4.0
176,20,4.0
178,20,4.0
179,20,4.0
181,20,4.0
192,20,5.0
199,20,3.5
203,20,4.0
217,20,4.0
220,20,4.0
229,20,4.0
235,20,3.0
239,20,4.5
240,20,3.0
242,20,3.0
244,20,4.0
284,20,3.0
288,20,3.0
292,20,4.0
294,20,2.0
297,20,4.0
301,20,4.0
304,20,4.0
314,20,3.0
321,20,3.0
340,20,4.0
349,20,5.0
353,20,4.0
356,20,3.5
368,20,4.0
374,20,3.0
376,20,4.0
379,20,4.0
385,20,3.0
386,20,2.0
391,20,3.0
402,20,3.0
404,20,4.0
411,20,3.0
414,20,3.0
429,20,3.0
434,20,3.5
436,20,3.0
446,20,3.0
447,20,4.0
448,20,4.0
455,20,4.0
458,20,5.0
465,20,4.0
468,20,2.0
470,20,4.0
474,20,3.0
476,20,3.0
480,20,3.0
485,20,5.0
486,20,4.0
493,20,3.0
498,20,5.0
507,20,3.0
512,20,3.0
517,20,2.5
524,20,5.0
530,20,4.0
536,20,5.0
541,20,5.0
559,20,3.0
561,20,3.0
566,20,3.0
569,20,4.0
570,20,4.0
577,20,3.0
584,20,5.0
588,20,4.0
590,20,3.5
592,20,4.0
597,20,3.0
599,20,3.0
600,20,2.0
602,20,4.0
1,21,4.0
6,21,5.0
7,21,5.0
8,21,3.0
10,21,3.5
11,21,5.0
14,21,4.0
15,21,5.0
16,21,3.5
17,21,5.0
18,21,4.5
19,21,2.0
21,21,4.5
22,21,5.0
24,21,4.5
26,21,3.0
27,21,5.0
28,21,4.0
29,21,4.5
33,21,5.0
34,21,4.0
37,21,4.0
38,21,3.0
41,21,2.0
42,21,5.0
43,21,5.0
45,21,5.0
47,21,4.5
49,21,4.0
50,21,3.0
52,21,5.0
54,21,4.0
56,21,5.0
57,21,4.0
58,21,4.0
62,21,5.0
63,21,3.5
64,21,4.0
66,21,5.0
67,21,4.5
68,21,3.5
69,21,4.0
70,21,4.0
72,21,4.0
76,21,1.0
78,21,3.0
81,21,2.0
82,21,4.5
83,21,4.5
84,21,5.0
86,21,4.0
89,21,0.5
91,21,3.0
93,21,5.0
94,21,3.0
98,21,5.0
100,21,4.0
102,21,5.0
103,21,4.0
104,21,4.0
105,21,3.5
109,21,5.0
111,21,5.0
112,21,3.5
113,21,4.0
116,21,4.0
117,21,4.0
119,21,4.0
121,21,4.0
122,21,5.0
124,21,5.0
125,21,5.0
126,21,4.0
131,21,3.0
132,21,4.0
133,21,4.0
137,21,3.5
140,21,4.0
141,21,4.0
142,21,4.0
143,21,5.0
144,21,4.0
148,21,4.0
153,21,3.5
154,21,5.0
156,21,3.0
159,21,4.0
160,21,3.0
162,21,5.0
166,21,4.0
167,21,3.0
168,21,4.0
169,21,4.5
170,21,4.0
173,21,5.0
174,21,3.0
177,21,5.0
178,21,4.5
179,21,5.0
181,21,5.0
182,21,5.0
187,21,2.0
188,21,5.0
189,21,4.0
192,21,5.0
193,21,3.0
197,21,3.0
198,21,5.0
199,21,2.0
200,21,4.0
201,21,5.0
202,21,5.0
205,21,4.0
209,21,4.5
211,21,4.5
212,21,3.5
215,21,3.5
217,21,2.0
220,21,5.0
221,21,3.5
222,21,4.0
224,21,5.0
226,21,4.0
227,21,5.0
229,21,4.0
232,21,4.0
233,21,5.0
235,21,5.0
237,21,2.0
239,21,5.0
240,21,5.0
243,21,4.0
244,21,5.0
246,21,3.5
247,21,5.0
249,21,4.5
251,21,5.0
254,21,5.0
261,21,5.0
263,21,4.0
264,21,3.5
266,21,4.0
268,21,2.0
274,21,4.5
275,21,3.0
276,21,5.0
279,21,3.0
280,21,4.0
282,21,4.5
283,21,5.0
284,21,5.0
286,21,4.5
288,21,5.0
292,21,4.5
294,21,5.0
296,21,5.0
298,21,3.0
300,21,4.0
301,21,4.0
304,21,5.0
305,21,4.5
307,21,4.0
308,21,2.5
312,21,4.0
314,21,4.0
317,21,5.0
318,21,4.5
319,21,4.0
321,21,5.0
322,21,3.5
323,21,3.5
325,21,2.0
326,21,5.0
327,21,5.0
328,21,3.0
330,21,5.0
332,21,4.5
334,21,4.0
335,21,4.0
336,21,4.5
339,21,4.0
340,21,3.0
341,21,3.5
344,21,5.0
347,21,4.0
349,21,5.0
351,21,4.5
352,21,5.0
354,21,4.5
356,21,4.0
357,21,3.5
361,21,3.5
362,21,4.5
365,21,4.5
367,21,5.0
368,21,4.0
372,21,3.0
373,21,4.0
374,21,4.0
375,21,4.5
376,21,3.5
379,21,5.0
380,21,5.0
381,21,4.0
382,21,4.5
385,21,4.0
387,21,4.0
391,21,5.0
394,21,4.0
395,21,3.0
399,21,5.0
400,21,4.5
401,21,3.5
404,21,4.0
411,21,5.0
414,21,5.0
415,21,5.0
416,21,2.5
417,21,4.0
418,21,4.0
419,21,4.5
420,21,4.0
423,21,5.0
425,21,5.0
426,21,5.0
428,21,3.0
430,21,3.0
432,21,4.5
434,21,4.5
436,21,4.0
437,21,3.0
438,21,4.0
439,21,5.0
443,21,5.0
444,21,5.0
445,21,3.0
446,21,3.0
447,21,4.0
448,21,3.0
452,21,5.0
453,21,5.0
455,21,5.0
458,21,5.0
460,21,4.5
461,21,5.0
462,21,2.5
463,21,4.0
464,21,5.0
465,21,5.0
466,21,5.0
470,21,5.0
471,21,3.0
474,21,3.0
476,21,5.0
477,21,5.0
480,21,5.0
483,21,5.0
484,21,5.0
485,21,5.0
486,21,5.0
489,21,4.0
490,21,3.5
491,21,4.5
495,21,4.0
498,21,5.0
500,21,4.0
503,21,4.0
507,21,4.0
511,21,4.5
512,21,5.0
514,21,4.0
515,21,5.0
517,21,3.5
519,21,5.0
520,21,3.5
522,21,3.5
523,21,4.5
525,21,4.0
528,21,5.0
530,21,5.0
533,21,5.0
534,21,4.5
536,21,5.0
541,21,5.0
542,21,5.0
543,21,3.0
548,21,5.0
550,21,4.0
551,21,4.5
552,21,4.0
555,21,5.0
559,21,4.0
560,21,3.5
561,21,4.0
562,21,5.0
563,21,4.0
564,21,3.0
565,21,4.0
566,21,5.0
567,21,3.0
568,21,5.0
569,21,3.0
570,21,4.0
572,21,4.0
573,21,4.5
577,21,5.0
579,21,5.0
580,21,4.0
581,21,4.5
583,21,4.0
584,21,5.0
587,21,4.0
588,21,3.0
589,21,5.0
590,21,5.0
591,21,4.0
592,21,5.0
593,21,4.0
596,21,3.5
597,21,5.0
599,21,3.5
600,21,4.0
602,21,3.0
603,21,3.0
605,21,3.0
606,21,4.0
608,21,3.0
609,21,4.0
610,21,3.0
1,22,5.0
6,22,3.0
19,22,2.0
20,22,4.0
40,22,4.0
43,22,5.0
45,22,5.0
58,22,5.0
60,22,4.0
93,22,4.0
117,22,4.0
140,22,4.0
177,22,4.0
226,22,3.5
228,22,2.0
240,22,3.0
274,22,2.5
281,22,2.0
288,22,3.0
295,22,4.5
308,22,4.0
318,22,4.0
373,22,1.0
436,22,3.0
442,22,2.5
447,22,5.0
476,22,5.0
483,22,2.5
517,22,3.5
541,22,5.0
559,22,3.0
600,22,2.5
602,22,3.0
606,22,2.5
1,23,4.0
5,23,4.0
6,23,4.0
8,23,3.0
14,23,1.0
18,23,2.5
19,23,4.0
21,23,3.0
27,23,4.0
38,23,2.0
40,23,4.0
43,23,5.0
45,23,4.0
46,23,4.0
56,23,3.0
57,23,3.0
58,23,4.0
59,23,4.0
63,23,4.0
64,23,3.5
68,23,3.0
81,23,1.0
82,23,3.5
91,23,3.5
93,23,5.0
94,23,3.0
96,23,5.0
103,23,3.5
104,23,3.0
109,23,3.0
116,23,5.0
117,23,3.0
126,23,5.0
133,23,3.0
134,23,3.0
135,23,4.0
136,23,4.0
141,23,2.5
142,23,4.0
156,23,3.0
160,23,5.0
166,23,3.5
171,23,3.0
177,23,3.0
179,23,3.0
181,23,3.0
200,23,3.5
217,23,3.0
219,23,3.0
222,23,3.0
223,23,1.5
226,23,3.0
229,23,3.0
230,23,3.0
233,23,3.5
239,23,3.5
240,23,4.0
249,23,4.0
262,23,3.0
264,23,4.0
266,23,3.0
273,23,4.0
274,23,4.0
280,23,2.5
284,23,5.0
288,23,2.0
292,23,2.5
294,23,4.0
298,23,2.5
307,23,1.5
313,23,2.0
314,23,3.0
316,23,2.5
321,23,4.0
323,23,3.0
330,23,1.0
332,23,4.0
349,23,4.0
353,23,3.0
355,23,3.0
362,23,4.0
368,23,3.0
370,23,3.5
373,23,1.0
379,23,2.0
380,23,5.0
381,23,1.0
385,23,3.0
386,23,1.0
387,23,3.0
394,23,3.0
395,23,4.0
404,23,3.0
411,23,2.0
414,23,4.0
418,23,0.5
424,23,3.0
425,23,2.5
432,23,2.5
434,23,2.0
436,23,3.0
438,23,3.0
444,23,4.0
446,23,3.0
447,23,4.0
448,23,3.0
453,23,5.0
455,23,3.0
458,23,3.0
464,23,2.5
469,23,2.0
470,23,4.0
474,23,1.0
475,23,5.0
477,23,1.0
480,23,4.0
483,23,3.0
484,23,3.0
489,23,1.5
490,23,2.0
491,23,4.5
494,23,2.0
509,23,3.5
512,23,3.0
517,23,3.0
522,23,4.0
523,23,4.5
524,23,5.0
525,23,3.5
534,23,4.0
537,23,4.0
541,23,2.0
555,23,3.0
558,23,3.0
559,23,3.0
560,23,4.0
561,23,2.0
565,23,3.0
566,23,4.0
570,23,1.0
573,23,3.0
579,23,4.0
580,23,3.5
584,23,3.0
588,23,1.0
590,23,3.0
592,23,4.0
594,23,4.0
596,23,3.0
599,23,3.0
600,23,3.0
602,23,5.0
604,23,3.0
605,23,4.0
606,23,3.0
608,23,2.0
610,23,3.5
1,24,3.0
19,24,3.0
217,24,3.0
268,24,2.0
414,24,2.0
438,24,3.0
599,24,2.5
603,24,4.0
607,24,3.0
608,24,3.0
1,25,4.0
4,25,1.0
45,25,3.0
68,25,4.5
100,25,4.0
141,25,3.0
165,25,3.0
182,25,4.0
198,25,4.0
200,25,5.0
216,25,3.0
219,25,2.0
225,25,3.0
226,25,4.5
266,25,3.0
274,25,4.0
275,25,4.0
280,25,4.5
285,25,5.0
287,25,4.5
294,25,5.0
298,25,3.5
307,25,3.0
318,25,4.5
356,25,4.5
357,25,5.0
387,25,3.5
414,25,4.0
425,25,3.5
469,25,5.0
477,25,4.0
480,25,5.0
484,25,5.0
503,25,3.5
505,25,2.5
555,25,4.0
585,25,3.5
597,25,5.0
599,25,3.5
603,25,5.0
608,25,4.5
610,25,5.0
1,26,5.0
4,26,5.0
5,26,4.0
6,26,5.0
8,26,3.0
11,26,5.0
18,26,3.5
19,26,4.0
24,26,3.5
26,26,4.0
28,26,3.0
33,26,5.0
37,26,4.0
38,26,5.0
39,26,4.0
40,26,3.0
42,26,4.0
43,26,5.0
45,26,4.0
46,26,5.0
54,26,3.0
56,26,4.0
57,26,5.0
58,26,5.0
66,26,3.0
68,26,4.5
72,26,4.5
79,26,4.0
81,26,4.0
84,26,4.0
86,26,4.0
91,26,4.0
94,26,4.0
102,26,4.0
109,26,4.0
115,26,4.0
116,26,3.0
117,26,4.0
121,26,3.0
126,26,5.0
133,26,4.0
135,26,4.0
136,26,5.0
140,26,4.0
142,26,4.0
156,26,3.5
160,26,2.0
166,26,3.5
169,26,4.0
170,26,3.0
174,26,5.0
176,26,5.0
178,26,5.0
179,26,4.0
181,26,4.0
182,26,3.5
183,26,5.0
196,26,3.5
199,26,4.0
202,26,3.0
208,26,3.0
217,26,4.0
219,26,4.5
223,26,3.0
227,26,4.0
229,26,5.0
235,26,4.0
239,26,4.0
240,26,3.0
242,26,5.0
244,26,5.0
249,26,4.5
254,26,4.0
262,26,2.0
263,26,4.0
266,26,4.0
273,26,4.0
274,26,3.5
284,26,4.0
288,26,3.0
290,26,4.0
292,26,4.0
297,26,4.0
301,26,4.0
302,26,4.0
304,26,5.0
305,26,4.0
307,26,3.0
308,26,3.0
312,26,4.0
313,26,2.0
314,26,3.0
317,26,3.0
321,26,3.0
323,26,3.5
328,26,2.5
330,26,2.5
339,26,4.0
340,26,5.0
347,26,4.0
353,26,5.0
354,26,3.5
356,26,4.5
368,26,3.0
372,26,5.0
373,26,3.0
374,26,3.0
376,26,4.0
379,26,5.0
380,26,4.0
381,26,4.0
384,26,4.0
385,26,4.0
386,26,3.0
391,26,4.0
393,26,5.0
394,26,4.0
402,26,4.0
404,26,4.0
411,26,4.0
412,26,4.0
413,26,5.0
414,26,5.0
415,26,3.5
423,26,4.5
425,26,3.5
436,26,5.0
438,26,4.0
445,26,4.0
446,26,3.0
447,26,4.0
448,26,4.0
451,26,4.0
453,26,5.0
455,26,4.0
458,26,5.0
461,26,0.5
465,26,4.0
469,26,3.0
470,26,4.0
474,26,5.0
476,26,5.0
477,26,5.0
480,26,3.5
483,26,2.5
485,26,4.0
486,26,5.0
488,26,4.0
493,26,4.0
498,26,5.0
507,26,4.0
510,26,4.5
512,26,5.0
513,26,4.5
514,26,4.0
516,26,4.0
517,26,2.5
524,26,5.0
525,26,3.5
528,26,4.0
530,26,5.0
532,26,5.0
536,26,3.0
541,26,5.0
555,26,4.0
559,26,3.0
561,26,4.0
565,26,4.0
566,26,4.0
570,26,4.0
572,26,5.0
573,26,4.5
577,26,4.0
580,26,3.0
584,26,4.0
586,26,4.5
588,26,5.0
590,26,4.0
592,26,5.0
594,26,4.5
596,26,3.5
597,26,5.0
599,26,3.0
600,26,3.0
602,26,5.0
603,26,3.0
607,26,5.0
608,26,3.0
609,26,4.0
610,26,4.5
1,27,4.0
6,27,5.0
7,27,5.0
8,27,4.0
11,27,4.0
14,27,3.0
17,27,4.5
18,27,3.5
19,27,2.0
21,27,4.0
27,27,4.0
28,27,2.5
38,27,3.0
43,27,4.0
45,27,4.0
54,27,3.0
56,27,5.0
57,27,5.0
58,27,4.0
59,27,3.0
63,27,2.5
64,27,4.0
66,27,3.0
68,27,3.5
76,27,2.0
78,27,4.0
79,27,5.0
81,27,4.0
82,27,4.0
83,27,3.0
84,27,3.0
86,27,3.0
91,27,4.5
93,27,5.0
94,27,4.0
95,27,3.5
96,27,5.0
102,27,3.0
103,27,4.0
108,27,4.0
109,27,3.0
111,27,2.5
112,27,5.0
115,27,5.0
116,27,4.0
117,27,4.0
122,27,4.0
124,27,3.5
126,27,3.0
129,27,3.5
133,27,3.0
135,27,5.0
137,27,3.5
140,27,4.0
141,27,3.0
142,27,3.0
144,27,3.0
149,27,3.0
156,27,3.0
159,27,3.0
160,27,2.0
164,27,5.0
165,27,4.0
167,27,3.5
169,27,4.0
170,27,3.0
173,27,4.0
174,27,5.0
177,27,3.5
178,27,3.0
179,27,4.0
181,27,5.0
182,27,3.5
183,27,4.0
186,27,4.0
192,27,5.0
193,27,2.0
198,27,3.0
200,27,3.5
201,27,5.0
202,27,4.0
212,27,3.0
217,27,4.0
219,27,4.0
220,27,5.0
221,27,3.0
223,27,3.5
226,27,4.0
229,27,3.0
232,27,3.0
234,27,5.0
235,27,4.0
239,27,4.0
240,27,4.0
247,27,4.5
249,27,4.0
254,27,4.0
264,27,2.0
265,27,4.0
266,27,4.0
267,27,5.0
273,27,4.0
274,27,3.5
275,27,4.0
276,27,5.0
279,27,4.0
282,27,4.0
284,27,5.0
288,27,2.0
292,27,4.0
298,27,4.0
301,27,3.0
302,27,5.0
303,27,3.5
304,27,4.0
305,27,2.0
307,27,3.5
312,27,3.0
313,27,3.0
314,27,3.0
318,27,4.0
321,27,4.0
322,27,3.5
323,27,3.5
328,27,2.0
330,27,2.0
332,27,3.5
334,27,3.0
339,27,4.0
340,27,5.0
341,27,2.0
346,27,2.5
347,27,4.0
349,27,3.0
351,27,4.0
354,27,4.0
355,27,3.0
357,27,4.0
359,27,4.0
368,27,4.0
373,27,4.0
374,27,4.0
376,27,4.0
379,27,4.0
380,27,5.0
381,27,4.0
384,27,4.0
385,27,4.0
386,27,2.0
387,27,3.0
391,27,2.0
394,27,3.0
395,27,4.0
399,27,3.0
402,27,4.0
404,27,4.0
411,27,5.0
414,27,4.0
415,27,4.0
419,27,3.5
420,27,3.5
423,27,5.0
425,27,3.5
426,27,4.0
428,27,2.0
432,27,4.5
434,27,5.0
436,27,3.0
438,27,4.0
444,27,3.0
446,27,4.0
447,27,4.0
448,27,3.0
452,27,4.0
453,27,4.0
455,27,3.0
457,27,2.0
458,27,5.0
461,27,0.5
464,27,4.0
469,27,3.0
470,27,5.0
474,27,4.5
476,27,4.0
477,27,4.0
480,27,5.0
483,27,4.0
484,27,4.0
486,27,5.0
489,27,3.5
494,27,3.0
498,27,4.0
500,27,4.0
503,27,3.5
507,27,4.0
510,27,3.0
512,27,4.0
514,27,4.5
516,27,4.0
517,27,1.0
522,27,3.5
524,27,4.0
525,27,4.0
527,27,5.0
530,27,4.0
531,27,4.0
532,27,4.0
534,27,4.5
536,27,4.0
541,27,5.0
546,27,4.0
555,27,4.0
559,27,5.0
561,27,4.5
566,27,4.0
567,27,2.0
568,27,3.0
569,27,4.0
572,27,4.0
573,27,5.0
577,27,5.0
579,27,4.0
580,27,4.0
584,27,5.0
588,27,3.0
590,27,4.0
592,27,5.0
594,27,5.0
597,27,5.0
599,27,4.0
600,27,3.0
602,27,4.0
605,27,3.0
606,27,2.5
607,27,4.0
608,27,3.0
609,27,3.0
610,27,5.0
1,28,3.0
6,28,5.0
8,28,2.0
18,28,3.5
19,28,2.0
21,28,2.5
38,28,3.0
43,28,5.0
45,28,4.0
47,28,1.0
54,28,3.0
57,28,3.0
58,28,3.0
63,28,3.0
64,28,3.5
68,28,3.0
84,28,4.0
91,28,2.5
94,28,3.0
102,28,4.0
104,28,3.0
109,28,3.0
111,28,4.0
116,28,3.0
117,28,4.0
126,28,4.0
132,28,2.5
140,28,4.0
141,28,3.0
143,28,3.0
144,28,3.0
153,28,2.0
156,28,2.0
169,28,5.0
170,28,4.0
171,28,4.0
173,28,4.0
177,28,5.0
179,28,4.0
181,28,3.0
186,28,4.0
187,28,1.5
200,28,3.0
217,28,3.0
219,28,2.0
226,28,3.5
229,28,4.0
232,28,4.0
235,28,4.0
240,28,5.0
248,28,3.0
249,28,3.5
252,28,4.5
263,28,4.0
273,28,4.0
274,28,3.0
280,28,3.5
282,28,4.0
283,28,3.0
284,28,5.0
286,28,3.5
288,28,3.0
292,28,4.0
294,28,3.0
301,28,3.5
304,28,1.0
305,28,3.0
307,28,2.0
314,28,3.0
318,28,3.5
321,28,4.0
322,28,3.0
323,28,3.5
330,28,3.5
347,28,3.0
349,28,3.0
356,28,4.0
357,28,3.5
361,28,3.0
367,28,5.0
369,28,3.0
373,28,2.0
375,28,3.0
379,28,3.0
380,28,4.0
381,28,4.0
385,28,3.0
387,28,2.5
391,28,4.0
395,28,3.0
402,28,5.0
404,28,4.0
411,28,4.0
414,28,3.0
418,28,3.5
424,28,2.5
425,28,3.0
426,28,5.0
428,28,1.0
432,28,3.5
434,28,2.0
436,28,4.0
438,28,3.5
444,28,3.0
446,28,3.0
447,28,3.0
448,28,4.0
455,28,3.0
458,28,3.0
462,28,0.5
470,28,4.0
474,28,2.5
476,28,3.0
477,28,3.5
480,28,4.0
483,28,3.5
484,28,3.5
489,28,3.5
503,28,3.5
512,28,3.0
517,28,5.0
525,28,3.5
530,28,3.0
534,28,4.5
536,28,2.0
542,28,3.5
555,28,4.0
559,28,3.0
560,28,3.5
564,28,4.0
566,28,4.0
573,28,5.0
579,28,5.0
584,28,5.0
587,28,5.0
590,28,2.5
592,28,5.0
593,28,2.5
597,28,4.0
599,28,3.0
600,28,4.0
602,28,4.0
606,28,3.0
608,28,2.0
1,29,5.0
3,29,0.5
5,29,5.0
6,29,3.0
8,29,5.0
14,29,3.0
15,29,5.0
16,29,4.0
17,29,4.5
18,29,4.5
25,29,5.0
28,29,3.0
32,29,4.0
33,29,5.0
38,29,5.0
42,29,4.0
49,29,4.5
51,29,3.0
57,29,5.0
58,29,5.0
59,29,5.0
60,29,5.0
62,29,4.5
63,29,4.0
64,29,5.0
65,29,4.0
68,29,4.0
70,29,5.0
72,29,4.5
84,29,5.0
85,29,5.0
88,29,4.0
93,29,5.0
96,29,5.0
103,29,3.5
104,29,4.5
105,29,3.5
109,29,3.0
110,29,4.0
116,29,2.0
117,29,5.0
118,29,4.0
121,29,3.0
133,29,4.0
135,29,5.0
137,29,3.5
140,29,5.0
142,29,5.0
144,29,3.5
152,29,4.5
153,29,2.0
157,29,5.0
160,29,5.0
162,29,5.0
166,29,4.5
169,29,5.0
172,29,4.5
173,29,5.0
174,29,3.0
177,29,4.5
178,29,4.5
182,29,4.0
187,29,4.0
189,29,4.5
190,29,5.0
193,29,4.0
195,29,4.0
199,29,5.0
204,29,4.5
215,29,4.5
221,29,3.0
222,29,3.0
224,29,5.0
227,29,4.0
229,29,4.0
230,29,1.0
231,29,2.0
232,29,4.5
233,29,4.0
235,29,5.0
241,29,3.5
243,29,3.0
247,29,4.0
249,29,4.5
251,29,5.0
254,29,5.0
258,29,4.0
263,29,5.0
264,29,4.0
274,29,4.0
275,29,5.0
278,29,5.0
282,29,5.0
286,29,4.0
287,29,4.0
288,29,5.0
290,29,5.0
296,29,4.5
300,29,5.0
301,29,4.5
304,29,5.0
305,29,5.0
307,29,4.5
308,29,1.0
309,29,4.0
312,29,5.0
314,29,5.0
318,29,4.0
319,29,5.0
323,29,4.5
326,29,4.5
328,29,5.0
332,29,4.0
336,29,4.0
338,29,5.0
339,29,5.0
343,29,5.0
346,29,3.5
348,29,5.0
349,29,4.0
352,29,5.0
354,29,4.0
357,29,5.0
359,29,4.5
361,29,2.5
367,29,3.0
368,29,5.0
372,29,5.0
373,29,5.0
376,29,4.5
378,29,4.5
379,29,3.0
382,29,5.0
390,29,4.5
391,29,5.0
395,29,2.0
399,29,4.0
402,29,4.0
404,29,4.0
410,29,4.0
411,29,5.0
413,29,5.0
414,29,4.0
416,29,3.5
418,29,4.5
419,29,5.0
420,29,4.5
421,29,5.0
425,29,4.0
432,29,4.5
433,29,2.5
434,29,5.0
436,29,5.0
437,29,5.0
438,29,4.5
439,29,4.5
441,29,0.5
444,29,5.0
445,29,3.0
446,29,5.0
449,29,4.0
452,29,5.0
453,29,3.0
455,29,5.0
461,29,3.5
462,29,1.5
463,29,4.0
464,29,4.5
465,29,5.0
467,29,5.0
469,29,4.0
470,29,5.0
471,29,4.5
474,29,5.0
477,29,4.5
480,29,5.0
483,29,5.0
488,29,5.0
495,29,4.0
503,29,4.0
510,29,3.5
511,29,5.0
512,29,5.0
515,29,5.0
517,29,3.5
523,29,4.5
525,29,4.0
527,29,1.0
532,29,5.0
536,29,5.0
537,29,1.0
539,29,3.5
549,29,1.0
552,29,4.0
554,29,5.0
557,29,4.0
561,29,4.0
562,29,4.5
565,29,5.0
566,29,5.0
570,29,4.5
572,29,5.0
577,29,5.0
579,29,5.0
580,29,3.0
581,29,5.0
586,29,2.5
588,29,4.0
589,29,5.0
590,29,5.0
593,29,3.5
596,29,4.0
600,29,3.0
601,29,5.0
602,29,5.0
603,29,3.0
606,29,5.0
607,29,5.0
608,29,4.0
610,29,3.5
1,30,4.0
6,30,3.0
12,30,3.5
19,30,3.0
45,30,5.0
58,30,5.0
64,30,3.5
91,30,3.5
109,30,3.0
113,30,2.0
124,30,3.0
147,30,2.5
168,30,2.0
182,30,3.5
199,30,3.0
201,30,5.0
226,30,4.0
240,30,3.0
274,30,2.5
294,30,2.0
297,30,2.0
307,30,3.0
316,30,1.5
356,30,5.0
387,30,4.0
391,30,4.0
414,30,4.0
424,30,3.5
428,30,0.5
431,30,3.5
448,30,4.0
453,30,4.0
469,30,4.0
474,30,4.5
500,30,4.0
555,30,5.0
559,30,2.0
597,30,3.0
599,30,2.5
600,30,2.5
608,30,3.5
1,31,4.0
6,31,3.0
14,31,3.0
24,31,3.5
36,31,2.0
38,31,3.0
42,31,4.0
43,31,5.0
45,31,4.0
57,31,2.0
58,31,3.0
59,31,3.0
68,31,3.0
91,31,3.0
93,31,5.0
102,31,3.0
117,31,4.0
136,31,3.0
144,31,4.0
147,31,4.5
177,31,3.0
194,31,3.5
234,31,3.0
240,31,3.0
262,31,4.0
273,31,3.0
284,31,3.0
294,31,2.0
304,31,4.0
314,31,2.0
336,31,3.0
353,31,2.0
368,31,2.0
385,31,3.0
395,31,4.0
414,31,3.0
425,31,3.0
431,31,2.5
438,31,4.0
447,31,5.0
448,31,3.0
452,31,5.0
453,31,4.0
458,31,4.0
463,31,3.5
469,31,2.0
474,31,3.0
480,31,2.5
483,31,3.5
488,31,2.5
489,31,3.0
524,31,4.0
541,31,3.0
559,31,3.0
566,31,4.0
590,31,3.0
594,31,5.0
599,31,2.0
600,31,3.5
606,31,3.0
608,31,1.5
1,32,5.0
4,32,2.0
6,32,5.0
14,32,4.0
28,32,3.0
32,32,3.0
40,32,5.0
42,32,5.0
43,32,4.0
57,32,4.0
64,32,4.0
68,32,3.0
69,32,5.0
76,32,3.5
91,32,3.5
100,32,4.5
102,32,4.0
109,32,5.0
115,32,5.0
117,32,4.0
134,32,4.0
136,32,3.0
140,32,4.0
170,32,4.0
174,32,5.0
176,32,5.0
181,32,2.0
195,32,4.0
221,32,3.0
234,32,5.0
240,32,5.0
274,32,4.5
288,32,3.0
307,32,4.5
314,32,3.0
330,32,5.0
334,32,3.5
337,32,3.0
353,32,4.0
356,32,4.5
357,32,5.0
372,32,4.0
385,32,4.0
394,32,4.0
404,32,3.0
411,32,5.0
414,32,4.0
429,32,3.0
447,32,4.0
448,32,3.5
480,32,4.0
510,32,1.0
512,32,3.0
524,32,4.0
541,32,4.0
552,32,1.5
566,32,1.0
586,32,4.5
590,32,4.0
592,32,5.0
599,32,2.5
602,32,2.0
604,32,4.0
607,32,4.0
608,32,3.5
1,33,4.0
5,33,5.0
6,33,5.0
8,33,5.0
14,33,4.0
17,33,4.5
18,33,4.0
27,33,4.0
28,33,4.0
35,33,5.0
37,33,4.0
38,33,4.0
40,33,4.0
42,33,4.0
43,33,4.0
45,33,4.0
46,33,5.0
47,33,3.5
54,33,3.0
57,33,3.0
58,33,3.0
64,33,5.0
66,33,4.5
68,33,4.0
72,33,4.0
78,33,2.0
82,33,3.5
84,33,4.0
86,33,4.0
91,33,3.5
93,33,5.0
94,33,4.0
100,33,4.0
102,33,4.0
103,33,4.0
107,33,5.0
109,33,3.0
115,33,3.0
116,33,4.5
117,33,4.0
118,33,4.0
121,33,4.0
126,33,4.0
130,33,3.0
133,33,2.0
134,33,5.0
136,33,3.0
137,33,3.5
140,33,5.0
142,33,4.0
144,33,5.0
145,33,4.0
156,33,3.5
162,33,4.0
170,33,4.0
172,33,3.5
174,33,4.0
176,33,4.0
178,33,4.5
179,33,4.0
181,33,3.0
182,33,4.5
187,33,1.0
192,33,4.0
200,33,3.5
202,33,4.0
203,33,5.0
217,33,4.0
220,33,5.0
221,33,3.5
223,33,3.0
226,33,2.0
229,33,3.0
230,33,2.5
234,33,4.0
235,33,4.0
239,33,4.0
240,33,4.0
242,33,3.0
254,33,4.0
265,33,3.0
273,33,2.0
274,33,4.0
284,33,4.0
288,33,5.0
292,33,3.0
294,33,3.0
304,33,5.0
305,33,4.5
307,33,3.0
314,33,2.0
318,33,3.5
330,33,4.0
332,33,4.5
340,33,5.0
347,33,3.0
348,33,4.0
349,33,4.0
352,33,5.0
353,33,4.0
357,33,3.5
359,33,4.0
372,33,3.0
373,33,4.0
374,33,3.0
376,33,3.5
379,33,5.0
385,33,3.0
386,33,2.0
387,33,3.0
390,33,3.5
394,33,2.0
395,33,3.0
404,33,4.0
411,33,5.0
414,33,4.0
425,33,4.0
428,33,2.0
429,33,5.0
432,33,4.5
437,33,5.0
438,33,3.0
445,33,3.5
446,33,4.0
447,33,3.0
448,33,3.0
455,33,4.0
458,33,2.0
464,33,5.0
468,33,5.0
469,33,4.0
470,33,4.0
474,33,3.5
476,33,5.0
480,33,5.0
485,33,5.0
489,33,4.0
498,33,3.0
507,33,3.0
512,33,3.0
527,33,5.0
530,33,5.0
531,33,3.0
536,33,3.0
541,33,5.0
562,33,2.5
565,33,5.0
566,33,4.0
569,33,4.0
572,33,5.0
577,33,5.0
580,33,4.0
584,33,5.0
587,33,5.0
588,33,3.0
589,33,5.0
590,33,3.0
592,33,4.0
602,33,3.0
603,33,3.0
605,33,3.0
606,33,4.0
608,33,3.0
609,33,4.0
1,34,4.0
5,34,3.0
6,34,3.0
7,34,3.0
8,34,3.0
14,34,2.0
17,34,4.5
19,34,5.0
21,34,3.5
26,34,4.0
28,34,2.5
32,34,5.0
35,34,4.0
37,34,3.0
38,34,4.0
39,34,4.0
40,34,4.0
42,34,3.0
43,34,5.0
46,34,3.0
54,34,3.0
56,34,3.0
57,34,4.0
58,34,3.0
63,34,4.0
66,34,4.0
68,34,4.0
75,34,3.5
81,34,3.0
82,34,3.5
84,34,3.0
91,34,5.0
94,34,3.0
99,34,4.0
100,34,4.0
102,34,3.0
104,34,3.0
109,34,4.0
115,34,5.0
117,34,3.0
121,34,3.0
122,34,4.5
126,34,3.0
130,34,3.0
132,34,2.0
133,34,3.0
134,34,3.0
135,34,5.0
136,34,4.0
142,34,3.0
144,34,3.5
145,34,3.0
155,34,3.0
160,34,4.0
162,34,4.0
164,34,3.0
165,34,4.0
166,34,3.5
167,34,3.0
170,34,3.0
171,34,5.0
173,34,3.0
174,34,5.0
176,34,3.0
177,34,3.0
179,34,3.0
181,34,2.0
182,34,3.5
183,34,3.0
186,34,4.0
197,34,5.0
198,34,3.0
199,34,3.0
201,34,3.0
202,34,3.0
217,34,2.0
219,34,3.5
229,34,3.0
230,34,3.0
234,34,4.0
235,34,3.0
240,34,3.0
242,34,3.0
243,34,3.0
254,34,2.5
265,34,3.0
266,34,4.0
273,34,3.0
274,34,3.0
282,34,3.5
284,34,5.0
288,34,3.0
292,34,3.5
294,34,3.0
298,34,3.5
305,34,2.5
307,34,4.0
313,34,5.0
314,34,3.0
321,34,4.0
328,34,2.0
330,34,4.0
335,34,5.0
339,34,2.5
340,34,5.0
347,34,3.0
353,34,4.0
354,34,4.0
357,34,3.0
362,34,4.5
368,34,3.0
370,34,4.0
371,34,4.0
372,34,3.0
373,34,3.0
374,34,3.0
379,34,3.0
380,34,3.0
385,34,3.0
386,34,1.0
387,34,4.0
391,34,4.0
394,34,3.0
395,34,3.0
411,34,3.0
414,34,4.0
425,34,3.5
428,34,3.0
429,34,5.0
436,34,3.0
437,34,3.0
438,34,4.0
444,34,3.0
446,34,3.0
447,34,3.0
448,34,3.0
452,34,5.0
455,34,3.0
458,34,3.0
462,34,3.0
468,34,3.0
469,34,3.0
470,34,3.0
474,34,4.0
475,34,5.0
476,34,4.0
480,34,4.5
482,34,4.0
483,34,3.5
485,34,3.0
486,34,4.0
489,34,4.0
493,34,4.0
498,34,3.0
514,34,2.5
517,34,3.0
524,34,3.0
530,34,4.0
534,34,4.0
536,34,2.0
541,34,3.0
555,34,3.0
559,34,3.0
561,34,4.5
565,34,2.0
566,34,3.0
569,34,3.0
573,34,4.5
574,34,3.0
577,34,2.0
580,34,3.0
584,34,3.0
588,34,2.0
590,34,3.5
592,34,5.0
594,34,4.5
596,34,3.5
597,34,4.0
599,34,3.5
600,34,2.5
602,34,4.0
603,34,2.0
604,34,4.0
605,34,3.0
606,34,3.5
607,34,3.0
608,34,3.0
609,34,3.0
610,34,4.5
1,35,4.0
4,35,5.0
6,35,4.0
7,35,5.0
8,35,4.0
11,35,5.0
14,35,4.0
16,35,3.0
17,35,4.5
18,35,4.5
24,35,4.5
26,35,4.0
28,35,2.5
32,35,5.0
33,35,5.0
37,35,5.0
38,35,3.0
39,35,5.0
41,35,4.0
42,35,5.0
45,35,4.0
46,35,5.0
47,35,2.0
50,35,3.5
51,35,5.0
54,35,4.0
56,35,5.0
57,35,5.0
59,35,5.0
61,35,4.0
62,35,5.0
64,35,5.0
66,35,4.0
68,35,3.5
69,35,5.0
72,35,4.5
76,35,3.5
78,35,3.0
80,35,5.0
84,35,5.0
91,35,4.5
93,35,5.0
94,35,3.0
97,35,5.0
98,35,4.5
102,35,4.0
103,35,5.0
105,35,4.5
109,35,4.0
111,35,0.5
112,35,4.0
113,35,4.0
114,35,3.0
115,35,5.0
116,35,2.0
117,35,5.0
122,35,5.0
123,35,4.0
124,35,4.0
125,35,4.0
126,35,3.0
128,35,5.0
131,35,4.0
132,35,3.5
133,35,3.0
134,35,5.0
135,35,5.0
136,35,3.0
137,35,4.0
140,35,4.0
142,35,5.0
144,35,4.5
152,35,4.5
156,35,4.0
160,35,2.0
166,35,4.0
167,35,2.5
170,35,4.0
171,35,5.0
172,35,4.0
176,35,5.0
177,35,5.0
178,35,4.5
179,35,4.0
181,35,3.0
182,35,4.5
186,35,5.0
187,35,4.0
189,35,4.0
192,35,3.0
193,35,3.5
198,35,4.0
199,35,4.0
201,35,5.0
202,35,5.0
204,35,4.5
209,35,4.5
212,35,3.5
215,35,3.0
219,35,4.5
221,35,4.0
223,35,2.5
224,35,4.0
227,35,4.5
229,35,4.0
230,35,3.0
231,35,4.0
233,35,4.5
235,35,5.0
238,35,3.0
239,35,3.5
241,35,4.5
242,35,5.0
244,35,4.0
247,35,4.0
249,35,4.0
251,35,5.0
254,35,4.0
256,35,4.5
262,35,2.0
263,35,5.0
265,35,5.0
267,35,5.0
273,35,5.0
274,35,4.0
275,35,5.0
279,35,4.0
282,35,4.0
283,35,4.0
286,35,4.0
288,35,5.0
290,35,4.0
292,35,3.0
293,35,4.0
297,35,4.0
300,35,4.0
304,35,4.0
305,35,5.0
307,35,4.5
313,35,5.0
314,35,3.0
317,35,5.0
318,35,4.0
321,35,4.0
325,35,5.0
326,35,4.5
329,35,2.0
330,35,5.0
331,35,5.0
332,35,4.5
335,35,3.5
336,35,5.0
338,35,4.0
339,35,5.0
343,35,4.5
348,35,5.0
349,35,5.0
351,35,4.5
352,35,4.0
353,35,5.0
354,35,4.0
357,35,4.5
359,35,4.5
361,35,2.5
362,35,5.0
365,35,0.5
367,35,5.0
368,35,4.0
370,35,4.0
372,35,4.0
373,35,5.0
378,35,4.5
380,35,5.0
382,35,5.0
385,35,3.0
386,35,4.0
387,35,4.0
391,35,3.0
399,35,4.5
400,35,5.0
402,35,5.0
404,35,4.0
409,35,4.0
410,35,3.0
411,35,5.0
412,35,4.0
413,35,5.0
414,35,4.0
415,35,5.0
417,35,4.0
418,35,4.0
419,35,3.0
421,35,5.0
424,35,4.0
425,35,4.0
428,35,2.5
432,35,4.0
433,35,4.0
434,35,4.0
436,35,3.0
441,35,4.5
443,35,3.5
444,35,5.0
445,35,4.0
446,35,5.0
447,35,4.0
448,35,5.0
451,35,5.0
453,35,4.0
455,35,5.0
461,35,4.0
462,35,3.5
464,35,5.0
465,35,5.0
467,35,1.0
469,35,4.0
474,35,4.5
477,35,5.0
479,35,4.0
480,35,4.5
485,35,5.0
486,35,3.0
487,35,2.5
488,35,4.5
489,35,4.0
490,35,4.0
497,35,4.0
503,35,3.5
505,35,5.0
507,35,3.0
510,35,3.5
512,35,5.0
513,35,4.0
514,35,5.0
517,35,3.0
524,35,4.0
525,35,3.5
526,35,4.0
527,35,5.0
528,35,4.0
530,35,4.0
531,35,5.0
532,35,4.0
534,35,4.0
536,35,4.0
541,35,4.0
551,35,4.5
554,35,5.0
555,35,5.0
558,35,4.0
560,35,4.0
561,35,4.0
562,35,5.0
568,35,5.0
572,35,4.0
573,35,4.5
574,35,5.0
577,35,4.0
580,35,4.5
582,35,4.0
583,35,2.5
584,35,4.0
588,35,5.0
589,35,5.0
590,35,3.5
592,35,5.0
593,35,4.0
594,35,5.0
596,35,4.0
598,35,0.5
599,35,3.0
600,35,4.0
602,35,5.0
603,35,5.0
604,35,5.0
606,35,4.5
607,35,5.0
608,35,4.0
610,35,4.5
1,36,5.0
5,36,5.0
6,36,3.0
15,36,2.0
20,36,4.5
39,36,3.0
43,36,5.0
50,36,2.0
57,36,4.0
58,36,4.0
64,36,4.0
68,36,2.0
103,36,4.5
117,36,4.0
132,36,2.0
147,36,3.0
160,36,4.0
161,36,3.5
168,36,4.5
171,36,5.0
177,36,3.0
181,36,3.0
202,36,4.0
226,36,3.0
232,36,2.5
240,36,3.0
274,36,3.5
288,36,3.5
307,36,2.5
318,36,3.5
328,36,4.0
357,36,4.0
373,36,5.0
380,36,4.0
381,36,3.5
385,36,3.0
395,36,3.0
414,36,4.0
436,36,4.0
448,36,4.0
474,36,2.0
476,36,5.0
484,36,5.0
488,36,0.5
502,36,4.5
509,36,2.5
514,36,4.0
517,36,3.5
525,36,1.5
534,36,4.0
542,36,4.5
559,36,3.0
561,36,4.0
579,36,3.0
590,36,4.0
599,36,3.5
600,36,2.5
605,36,2.5
606,36,3.0
608,36,0.5
1,37,5.0
4,37,5.0
5,37,3.0
6,37,3.0
16,37,4.5
18,37,4.5
23,37,3.5
24,37,4.0
28,37,3.0
32,37,5.0
33,37,4.0
39,37,5.0
41,37,4.0
50,37,4.0
57,37,4.0
59,37,5.0
63,37,4.5
64,37,4.0
66,37,4.0
68,37,2.5
71,37,2.0
74,37,5.0
76,37,4.0
78,37,2.0
84,37,5.0
90,37,5.0
91,37,3.5
95,37,4.5
98,37,4.0
103,37,4.0
104,37,4.0
105,37,4.0
110,37,4.5
117,37,3.0
118,37,4.0
120,37,5.0
122,37,5.0
124,37,5.0
125,37,3.0
128,37,5.0
131,37,4.0
135,37,4.0
137,37,4.5
140,37,5.0
150,37,4.0
152,37,4.0
156,37,5.0
160,37,5.0
162,37,5.0
166,37,4.5
167,37,3.0
168,37,5.0
171,37,5.0
177,37,4.0
178,37,4.5
179,37,4.0
182,37,5.0
187,37,4.5
191,37,5.0
195,37,5.0
198,37,3.0
199,37,5.0
202,37,4.0
206,37,5.0
212,37,3.0
215,37,3.5
217,37,5.0
219,37,3.0
220,37,5.0
221,37,5.0
223,37,3.0
226,37,4.5
233,37,4.0
239,37,4.5
247,37,4.0
249,37,4.5
251,37,5.0
253,37,5.0
260,37,5.0
262,37,5.0
265,37,4.0
266,37,5.0
270,37,4.0
273,37,3.0
274,37,3.0
275,37,4.0
279,37,2.0
283,37,4.0
287,37,4.5
288,37,4.0
290,37,5.0
292,37,2.0
293,37,3.0
294,37,4.0
297,37,4.0
298,37,3.0
301,37,3.0
302,37,5.0
305,37,3.5
307,37,3.0
312,37,4.0
313,37,4.0
317,37,5.0
318,37,4.0
322,37,4.5
324,37,5.0
328,37,5.0
330,37,4.0
331,37,5.0
332,37,4.0
339,37,5.0
346,37,3.0
348,37,5.0
350,37,3.0
357,37,4.0
362,37,5.0
368,37,4.0
370,37,2.0
372,37,5.0
380,37,4.0
381,37,3.5
385,37,5.0
386,37,4.0
387,37,4.0
391,37,5.0
400,37,5.0
409,37,5.0
412,37,4.0
414,37,5.0
415,37,4.5
416,37,4.5
424,37,3.5
425,37,2.5
433,37,4.0
434,37,5.0
437,37,5.0
443,37,5.0
445,37,3.5
448,37,4.0
451,37,5.0
452,37,5.0
453,37,4.0
462,37,3.5
465,37,5.0
469,37,5.0
470,37,3.0
474,37,4.0
477,37,4.5
480,37,4.0
483,37,4.0
488,37,4.5
489,37,4.5
497,37,4.5
503,37,4.0
514,37,4.0
521,37,5.0
522,37,3.0
525,37,4.5
526,37,4.5
532,37,4.0
541,37,3.0
546,37,2.0
553,37,3.5
554,37,2.0
555,37,5.0
559,37,4.0
560,37,4.0
561,37,3.0
570,37,4.0
572,37,4.0
577,37,3.0
580,37,4.0
590,37,4.0
593,37,4.5
599,37,3.5
600,37,4.0
602,37,5.0
603,37,5.0
607,37,2.0
608,37,3.0
610,37,4.5
1,38,3.0
4,38,3.0
7,38,4.0
11,38,4.0
18,38,3.0
19,38,3.0
21,38,4.5
27,38,4.0
31,38,5.0
32,38,3.0
38,38,4.0
42,38,5.0
43,38,5.0
44,38,3.0
45,38,4.0
57,38,4.0
58,38,5.0
59,38,5.0
63,38,4.0
68,38,4.0
71,38,4.0
72,38,4.0
78,38,3.0
80,38,4.5
82,38,4.0
86,38,4.5
91,38,4.0
93,38,4.0
96,38,3.0
100,38,4.0
117,38,3.0
120,38,3.0
129,38,4.0
135,38,4.0
140,38,4.0
144,38,3.5
150,38,4.0
151,38,3.0
156,38,3.5
160,38,1.0
166,38,3.0
171,38,3.0
174,38,5.0
177,38,4.0
179,38,3.0
182,38,4.0
186,38,4.0
195,38,5.0
198,38,3.0
200,38,3.5
202,38,3.0
206,38,3.0
214,38,3.0
216,38,2.0
217,38,5.0
219,38,4.5
220,38,3.0
226,38,3.5
229,38,4.0
230,38,2.0
232,38,3.0
233,38,3.0
234,38,4.0
235,38,3.0
239,38,4.0
243,38,5.0
244,38,4.0
249,38,3.5
254,38,3.5
264,38,3.0
269,38,3.0
270,38,3.0
274,38,3.5
276,38,5.0
279,38,4.0
282,38,3.0
287,38,1.0
288,38,1.0
301,38,2.5
302,38,3.0
304,38,4.0
305,38,4.0
307,38,2.0
313,38,1.0
314,38,3.0
318,38,3.0
321,38,3.0
326,38,3.0
330,38,2.5
337,38,5.0
339,38,4.0
340,38,4.0
347,38,4.0
350,38,3.0
354,38,4.0
359,38,3.5
364,38,3.0
368,38,3.0
373,38,4.0
376,38,5.0
380,38,4.0
381,38,3.0
386,38,3.0
387,38,3.0
389,38,3.0
391,38,3.0
395,38,5.0
411,38,5.0
414,38,4.0
418,38,0.5
425,38,3.5
428,38,2.5
432,38,4.0
434,38,4.0
437,38,3.0
438,38,4.0
446,38,4.0
448,38,3.0
450,38,4.0
451,38,4.0
452,38,5.0
453,38,3.0
456,38,4.0
464,38,3.5
469,38,2.0
470,38,3.0
474,38,3.5
477,38,3.0
480,38,3.0
482,38,4.0
483,38,2.0
486,38,5.0
489,38,3.0
492,38,4.0
498,38,5.0
514,38,4.0
521,38,4.0
524,38,3.0
529,38,3.0
540,38,3.5
541,38,5.0
544,38,4.0
551,38,4.0
557,38,5.0
559,38,3.0
561,38,3.0
566,38,4.0
567,38,2.5
570,38,3.5
572,38,2.0
573,38,4.5
590,38,3.5
592,38,4.0
593,38,3.0
594,38,5.0
597,38,4.0
599,38,3.0
600,38,3.0
602,38,4.0
603,38,2.0
606,38,2.5
608,38,3.5
1,39,5.0
19,39,3.0
20,39,5.0
27,39,3.0
32,39,3.0
37,39,3.0
43,39,5.0
44,39,3.0
51,39,3.0
103,39,4.0
117,39,3.0
151,39,3.0
156,39,4.0
160,39,4.0
169,39,4.0
171,39,5.0
172,39,3.5
177,39,3.0
206,39,5.0
214,39,3.0
217,39,3.0
226,39,4.0
230,39,2.0
232,39,3.0
270,39,5.0
273,39,4.0
274,39,3.0
288,39,3.5
316,39,2.5
350,39,3.0
371,39,4.0
380,39,3.0
381,39,5.0
411,39,2.0
414,39,4.0
419,39,1.0
428,39,3.0
451,39,4.0
477,39,4.0
483,39,4.0
492,39,3.0
501,39,1.0
509,39,3.5
521,39,4.0
529,39,3.0
559,39,5.0
600,39,4.0
605,39,1.0
608,39,3.0
1,40,3.0
18,40,3.0
19,40,1.0
27,40,2.0
44,40,1.0
55,40,0.5
57,40,1.0
76,40,0.5
111,40,2.5
132,40,2.0
135,40,2.0
141,40,4.0
151,40,4.0
160,40,2.0
177,40,3.0
191,40,5.0
217,40,3.0
219,40,3.5
222,40,2.5
232,40,2.5
234,40,3.0
240,40,5.0
249,40,3.0
274,40,3.5
276,40,4.0
277,40,3.0
294,40,4.0
305,40,4.0
313,40,1.0
314,40,3.0
318,40,3.5
350,40,3.0
355,40,3.0
380,40,4.0
381,40,3.0
385,40,3.0
414,40,2.0
419,40,2.5
438,40,3.5
448,40,3.0
474,40,1.5
477,40,0.5
483,40,2.5
484,40,4.0
492,40,5.0
517,40,2.0
525,40,2.5
561,40,2.0
567,40,2.0
590,40,3.0
599,40,2.5
600,40,1.0
608,40,3.0
1,41,4.0
11,41,4.0
19,41,3.0
21,41,3.5
24,41,3.0
28,41,1.0
31,41,5.0
32,41,4.0
42,41,2.0
44,41,5.0
45,41,4.0
52,41,5.0
56,41,4.0
57,41,3.0
59,41,4.0
71,41,3.0
82,41,4.0
84,41,4.0
91,41,3.0
93,41,4.0
96,41,4.0
104,41,3.0
109,41,3.0
117,41,3.0
120,41,4.0
129,41,4.0
140,41,3.0
144,41,4.0
150,41,4.0
160,41,1.0
167,41,3.5
170,41,3.0
176,41,5.0
182,41,3.0
183,41,4.0
186,41,4.0
196,41,5.0
201,41,5.0
206,41,3.0
208,41,3.0
217,41,3.0
219,41,3.5
220,41,4.0
222,41,3.0
226,41,4.0
239,41,4.0
244,41,2.0
249,41,4.0
266,41,5.0
269,41,4.0
270,41,3.0
274,41,3.0
288,41,3.0
292,41,4.0
294,41,4.0
297,41,3.0
301,41,0.5
304,41,4.0
305,41,4.0
307,41,3.0
310,41,4.0
313,41,2.0
314,41,4.0
334,41,3.5
337,41,5.0
342,41,4.0
350,41,3.0
354,41,4.0
356,41,4.5
364,41,4.0
368,41,3.0
372,41,4.0
373,41,3.0
376,41,4.0
380,41,3.0
381,41,3.5
386,41,3.0
389,41,5.0
414,41,3.0
425,41,4.0
434,41,3.0
437,41,2.0
438,41,4.5
446,41,3.0
448,41,3.0
451,41,3.0
453,41,4.0
456,41,5.0
457,41,5.0
469,41,3.0
474,41,4.0
477,41,4.0
480,41,3.5
483,41,3.5
484,41,4.5
486,41,5.0
489,41,3.5
492,41,5.0
493,41,4.0
521,41,4.0
524,41,4.0
525,41,4.0
527,41,5.0
529,41,5.0
531,41,4.0
548,41,5.0
553,41,3.0
559,41,4.0
561,41,3.0
570,41,3.5
573,41,4.5
577,41,3.0
586,41,4.0
588,41,4.0
589,41,2.0
590,41,3.0
592,41,5.0
597,41,1.0
599,41,3.5
602,41,4.0
608,41,4.0
1,42,3.0
6,42,5.0
11,42,4.0
19,42,2.0
27,42,3.0
28,42,2.5
31,42,4.0
32,42,3.0
38,42,2.0
44,42,2.0
57,42,2.0
58,42,3.0
64,42,3.5
68,42,4.0
71,42,5.0
84,42,3.0
91,42,2.5
93,42,4.0
115,42,1.0
116,42,4.0
117,42,2.0
120,42,3.0
129,42,4.0
140,42,3.0
144,42,3.0
151,42,4.0
160,42,1.0
169,42,4.0
170,42,3.0
174,42,5.0
177,42,4.0
178,42,3.0
179,42,5.0
187,42,1.5
199,42,3.0
200,42,2.0
206,42,3.0
214,42,2.0
217,42,3.0
219,42,3.0
220,42,4.0
223,42,3.0
229,42,4.0
230,42,4.0
232,42,3.0
234,42,5.0
235,42,4.0
240,42,5.0
243,42,5.0
244,42,2.0
249,42,3.0
263,42,4.0
270,42,4.0
274,42,2.5
276,42,4.0
277,42,4.0
284,42,4.0
288,42,2.0
297,42,1.0
301,42,1.0
302,42,3.0
307,42,1.0
321,42,4.0
325,42,1.0
330,42,2.0
337,42,5.0
344,42,4.5
350,42,3.0
359,42,3.0
364,42,4.0
368,42,3.0
372,42,4.0
373,42,3.0
380,42,3.0
381,42,3.5
385,42,4.0
389,42,5.0
402,42,3.0
413,42,5.0
414,42,3.0
425,42,2.5
434,42,2.5
437,42,5.0
438,42,3.0
448,42,3.0
451,42,3.0
452,42,4.0
453,42,3.0
456,42,3.0
458,42,4.0
469,42,3.0
470,42,4.0
474,42,2.0
477,42,3.0
479,42,3.0
480,42,2.5
486,42,5.0
489,42,2.5
492,42,4.0
495,42,3.5
501,42,5.0
521,42,4.0
524,42,3.0
527,42,3.0
529,42,4.0
534,42,3.5
540,42,3.5
544,42,5.0
559,42,3.0
566,42,4.0
570,42,4.0
572,42,2.0
573,42,4.5
580,42,3.5
584,42,5.0
589,42,5.0
590,42,2.5
593,42,2.0
594,42,4.0
599,42,2.5
600,42,2.5
607,42,5.0
608,42,3.0
1,43,3.0
6,43,5.0
7,43,4.5
11,43,4.0
15,43,3.5
17,43,4.0
18,43,4.0
21,43,3.5
24,43,3.5
27,43,3.0
28,43,3.0
29,43,4.0
31,43,4.0
32,43,3.0
34,43,3.0
42,43,2.0
44,43,3.0
45,43,3.0
48,43,3.5
57,43,3.0
58,43,5.0
59,43,4.0
63,43,3.0
64,43,3.0
66,43,3.5
68,43,4.0
71,43,5.0
72,43,3.5
78,43,3.5
82,43,4.0
86,43,3.5
90,43,3.0
91,43,3.5
96,43,3.0
104,43,4.0
109,43,3.0
112,43,5.0
115,43,2.0
116,43,2.5
117,43,3.0
120,43,2.0
121,43,4.0
122,43,4.0
129,43,3.5
133,43,3.0
135,43,3.0
137,43,3.0
140,43,4.0
141,43,3.0
144,43,2.5
149,43,3.0
150,43,4.0
151,43,3.0
153,43,0.5
160,43,1.0
164,43,5.0
171,43,4.0
174,43,3.0
176,43,4.0
177,43,3.5
178,43,3.0
179,43,5.0
182,43,1.5
186,43,4.0
187,43,0.5
198,43,2.0
199,43,3.0
200,43,3.5
201,43,4.0
202,43,2.0
206,43,3.0
212,43,2.0
214,43,3.0
217,43,3.0
219,43,4.0
220,43,4.0
221,43,2.0
223,43,3.5
226,43,3.0
230,43,3.0
232,43,3.5
233,43,2.5
235,43,5.0
239,43,4.0
240,43,5.0
244,43,1.0
246,43,2.5
249,43,4.0
254,43,3.0
256,43,4.5
264,43,3.5
265,43,4.0
269,43,4.0
270,43,4.0
274,43,3.5
276,43,5.0
277,43,4.0
279,43,4.0
282,43,3.5
288,43,1.0
292,43,4.5
298,43,2.5
301,43,2.5
302,43,4.0
304,43,4.0
305,43,4.5
307,43,2.0
312,43,2.0
313,43,3.0
314,43,3.0
318,43,4.0
321,43,4.0
322,43,3.0
330,43,2.5
332,43,2.0
335,43,4.5
337,43,5.0
340,43,5.0
347,43,5.0
354,43,3.5
357,43,4.0
359,43,3.5
361,43,3.5
364,43,5.0
368,43,2.0
374,43,4.0
376,43,4.0
380,43,4.0
381,43,4.0
385,43,3.0
386,43,2.0
387,43,2.0
389,43,5.0
391,43,1.0
399,43,3.5
402,43,5.0
414,43,4.0
419,43,4.5
422,43,4.0
425,43,3.5
428,43,3.0
432,43,1.5
434,43,2.5
437,43,3.0
438,43,3.5
445,43,2.0
446,43,3.0
448,43,3.0
451,43,3.0
452,43,5.0
453,43,3.0
456,43,5.0
463,43,3.5
464,43,3.5
467,43,2.0
469,43,2.0
474,43,4.0
477,43,4.0
480,43,3.0
482,43,4.5
483,43,3.0
484,43,3.0
486,43,5.0
489,43,2.5
492,43,5.0
495,43,4.5
501,43,5.0
513,43,2.5
517,43,3.5
521,43,4.0
522,43,3.5
524,43,3.0
527,43,4.0
529,43,4.0
534,43,4.5
544,43,5.0
552,43,3.0
555,43,4.0
559,43,5.0
560,43,3.5
561,43,4.0
566,43,3.0
570,43,3.5
573,43,5.0
577,43,3.0
579,43,5.0
580,43,3.0
589,43,5.0
590,43,4.0
592,43,5.0
593,43,2.5
594,43,4.5
595,43,4.0
597,43,1.0
599,43,3.5
600,43,2.0
602,43,4.0
605,43,3.5
606,43,2.5
607,43,4.0
608,43,3.0
610,43,3.5
1,44,4.0
51,44,5.0
113,44,3.0
117,44,3.0
414,44,3.0
489,44,2.0
555,44,4.0
603,44,2.0
1,45,5.0
4,45,5.0
18,45,4.0
20,45,5.0
33,45,5.0
36,45,1.5
45,45,3.0
51,45,2.0
64,45,4.0
66,45,3.5
68,45,3.0
84,45,5.0
91,45,3.0
100,45,4.5
104,45,3.0
115,45,4.0
132,45,3.5
135,45,5.0
137,45,5.0
140,45,4.0
156,45,4.0
169,45,5.0
171,45,4.0
177,45,5.0
182,45,4.0
185,45,3.0
186,45,5.0
188,45,5.0
195,45,1.0
202,45,4.0
217,45,3.0
226,45,3.0
227,45,4.0
232,45,4.0
234,45,4.0
247,45,4.0
266,45,1.0
267,45,5.0
274,45,3.5
280,45,3.5
282,45,5.0
288,45,3.5
290,45,5.0
294,45,2.0
305,45,5.0
307,45,5.0
309,45,4.5
313,45,3.0
325,45,4.0
328,45,3.0
330,45,4.5
357,45,4.5
367,45,5.0
380,45,3.0
381,45,4.0
387,45,3.0
409,45,5.0
414,45,4.0
428,45,3.5
448,45,4.0
457,45,4.0
462,45,4.0
469,45,4.0
474,45,4.5
477,45,3.5
479,45,5.0
480,45,5.0
483,45,1.0
484,45,5.0
489,45,4.5
514,45,4.5
517,45,4.5
525,45,3.5
527,45,5.0
531,45,3.0
554,45,5.0
561,45,3.5
563,45,4.0
573,45,4.0
577,45,3.0
580,45,2.0
590,45,5.0
594,45,4.0
596,45,4.0
597,45,4.0
599,45,3.0
600,45,3.0
603,45,5.0
605,45,2.0
607,45,5.0
608,45,2.5
610,45,3.5
1,46,5.0
9,46,5.0
16,46,3.5
18,46,5.0
23,46,4.0
50,46,4.0
57,46,5.0
68,46,3.0
74,46,5.0
76,46,1.5
83,46,3.5
84,46,4.0
91,46,4.0
100,46,3.5
103,46,4.0
105,46,4.0
122,46,5.0
128,46,4.0
137,46,5.0
156,46,5.0
166,46,4.5
168,46,5.0
177,46,2.5
182,46,3.5
198,46,5.0
199,46,5.0
202,46,5.0
221,46,4.5
247,46,4.0
265,46,4.0
267,46,2.0
274,46,3.0
275,46,5.0
282,46,1.0
288,46,3.5
290,46,5.0
292,46,1.5
307,46,4.0
346,46,4.0
367,46,5.0
387,46,4.5
391,46,5.0
410,46,5.0
414,46,5.0
420,46,3.5
422,46,4.0
430,46,5.0
448,46,4.5
462,46,4.5
469,46,5.0
474,46,4.5
477,46,4.0
480,46,5.0
484,46,4.5
489,46,3.5
513,46,4.0
524,46,3.0
552,46,4.5
554,46,2.0
560,46,4.0
561,46,4.0
570,46,2.5
577,46,3.0
590,46,4.0
599,46,4.0
600,46,4.0
603,46,5.0
608,46,3.5
610,46,4.0
1,47,5.0
57,47,4.0
128,47,5.0
177,47,3.0
387,47,2.5
474,47,3.5
590,47,5.0
605,47,4.0
1,48,4.0
113,48,5.0
128,48,4.0
474,48,3.5
600,48,4.0
605,48,3.0
606,48,4.0
1,49,5.0
66,49,4.0
84,49,4.0
89,49,3.5
137,49,4.5
177,49,4.0
217,49,4.0
220,49,4.5
275,49,5.0
290,49,5.0
304,49,5.0
309,49,2.5
387,49,3.0
474,49,4.5
480,49,4.5
522,49,3.5
567,49,2.0
590,49,5.0
1,50,3.0
51,50,3.5
84,50,3.0
135,50,4.0
186,50,4.0
288,50,3.0
385,50,2.0
414,50,2.0
448,50,3.0
1,51,5.0
66,51,4.5
84,51,3.0
117,51,3.0
264,51,1.5
274,51,3.5
288,51,5.0
385,51,4.0
414,51,4.0
448,51,3.0
474,51,3.0
607,51,5.0
608,51,2.5
1,52,5.0
51,52,4.0
288,52,2.0
318,52,4.0
395,52,3.0
414,52,4.0
1,53,5.0
4,53,4.0
20,53,5.0
39,53,4.0
68,53,2.5
103,53,4.0
171,53,4.0
177,53,4.0
211,53,4.0
226,53,4.0
274,53,3.5
288,53,2.0
304,53,4.0
328,53,3.5
387,53,3.0
395,53,3.0
414,53,4.0
474,53,3.0
479,53,3.0
484,53,5.0
509,53,2.5
517,53,2.5
600,53,3.5
605,53,3.0
608,53,3.5
1,54,5.0
20,54,4.5
39,54,3.0
45,54,4.0
64,54,4.0
68,54,2.5
103,54,4.0
116,54,3.0
160,54,3.0
177,54,4.0
200,54,3.5
217,54,3.0
226,54,3.5
232,54,2.0
249,54,4.0
274,54,3.5
288,54,3.0
293,54,2.0
357,54,4.0
372,54,2.0
380,54,4.0
381,54,2.5
385,54,3.0
391,54,3.0
414,54,4.0
474,54,3.0
479,54,4.0
483,54,2.0
484,54,5.0
500,54,3.0
505,54,5.0
517,54,4.0
525,54,1.5
563,54,3.5
600,54,3.5